序号,贴图名称,对应内容/装备,尺寸(宽×高),英文生成提示词
1,NPCs/VoidBlacksmith.png,虚影铁匠｜城镇NPC,40x50,"A detailed void blacksmith town NPC (虚影铁匠). This is a friendly town NPC (a villager/merchant character) in a calm standing idle pose, full body, front-facing with a gentle three-quarter turn, wearing distinctive armor/robes, welcoming and humanoid.  Visual style: dark black-purple cosmic void palette, glowing violet runes, swirling star dust, soft purple rim light, deep empty-space gradient. Rich 2D pixel-art shading with layered highlights, soft emissive glow, and fine edge detail.  Important: this is exactly ONE single animation frame of a town NPC — the image height must be only ONE frame tall (56 px, i.e. a 40x56 single cell, NOT the full 1400 px sprite sheet; I will assemble the sheet myself). The character stands upright and centered, facing slightly toward the viewer, feet near the bottom edge.  Background: the background must be a solid, flat, pure white (#FFFFFF) with nothing else in it, so the sprite can be cleanly cut out later.  Overall style: detailed, high-quality 2D pixel art in Terraria's visual language — crisp outlines, layered shading, subtle glow and highlights, clean readable silhouette, game-ready sprite."
2,NPCs/VoidAstrologer.png,归墟占星师｜城镇NPC,40x50,"A detailed void astrologer town NPC (归墟占星师). This is a friendly town NPC (a villager/merchant character) in a calm standing idle pose, full body, front-facing with a gentle three-quarter turn, wearing distinctive armor/robes, welcoming and humanoid.  Visual style: dark black-purple cosmic void palette, glowing violet runes, swirling star dust, soft purple rim light, deep empty-space gradient. Rich 2D pixel-art shading with layered highlights, soft emissive glow, and fine edge detail.  Important: this is exactly ONE single animation frame of a town NPC — the image height must be only ONE frame tall (56 px, i.e. a 40x56 single cell, NOT the full 1400 px sprite sheet; I will assemble the sheet myself). The character stands upright and centered, facing slightly toward the viewer, feet near the bottom edge.  Background: the background must be a solid, flat, pure white (#FFFFFF) with nothing else in it, so the sprite can be cleanly cut out later.  Overall style: detailed, high-quality 2D pixel art in Terraria's visual language — crisp outlines, layered shading, subtle glow and highlights, clean readable silhouette, game-ready sprite."
3,Projectiles/VoidDeathray.png,虚空死光｜弹幕,64x64,"A detailed void deathray (虚空死光). This is a flying projectile drawn mid-motion: it looks fast and alive — streaking motion lines, a glowing energy trail behind it, and small spark/particle embers radiating off its surface, conveying speed and direction.  Visual style: deep crimson and dark magenta palette, seething void-end energy, crackling red-violet lightning arcs, swirling dark mist, ominous glowing core, intense red rim light. Rich 2D pixel-art shading with layered highlights, soft emissive glow, and fine edge detail.  Composition: the subject is centered on the 64x64 canvas, occupying roughly 80-90% of it, with a small safe margin so nothing is clipped.  Background: the background must be a solid, flat, pure white (#FFFFFF) with nothing else in it, so the sprite can be cleanly cut out later.  Overall style: detailed, high-quality 2D pixel art in Terraria's visual language — crisp outlines, layered shading, subtle glow and highlights, clean readable silhouette, game-ready sprite."
4,Projectiles/VoidSphere.png,虚空之球｜弹幕,40x40,"A detailed void orbiting sphere (虚空之球). This is a flying projectile drawn mid-motion: it looks fast and alive — streaking motion lines, a glowing energy trail behind it, and small spark/particle embers radiating off its surface, conveying speed and direction.  Visual style: deep crimson and dark magenta palette, seething void-end energy, crackling red-violet lightning arcs, swirling dark mist, ominous glowing core, intense red rim light. Rich 2D pixel-art shading with layered highlights, soft emissive glow, and fine edge detail.  Composition: the subject is centered on the 40x40 canvas, occupying roughly 80-90% of it, with a small safe margin so nothing is clipped.  Background: the background must be a solid, flat, pure white (#FFFFFF) with nothing else in it, so the sprite can be cleanly cut out later.  Overall style: detailed, high-quality 2D pixel art in Terraria's visual language — crisp outlines, layered shading, subtle glow and highlights, clean readable silhouette, game-ready sprite."
5,Projectiles/VoidSeeker.png,虚空追踪弹｜弹幕,18x18,"A detailed void seeker missile (虚空追踪弹). This is a flying projectile drawn mid-motion: it looks fast and alive — streaking motion lines, a glowing energy trail behind it, and small spark/particle embers radiating off its surface, conveying speed and direction.  Visual style: deep crimson and dark magenta palette, seething void-end energy, crackling red-violet lightning arcs, swirling dark mist, ominous glowing core, intense red rim light. Rich 2D pixel-art shading with layered highlights, soft emissive glow, and fine edge detail.  Composition: the subject is centered on the 18x18 canvas, occupying roughly 80-90% of it, with a small safe margin so nothing is clipped.  Background: the background must be a solid, flat, pure white (#FFFFFF) with nothing else in it, so the sprite can be cleanly cut out later.  Overall style: detailed, high-quality 2D pixel art in Terraria's visual language — crisp outlines, layered shading, subtle glow and highlights, clean readable silhouette, game-ready sprite."
6,Projectiles/StellarRainshot.png,星渊引导弹｜弹幕,10x10,"A detailed stellar rain guide tracer (星渊引导弹). This is a flying projectile drawn mid-motion: it looks fast and alive — streaking motion lines, a glowing energy trail behind it, and small spark/particle embers radiating off its surface, conveying speed and direction.  Visual style: deep navy blue and bright cyan starlight palette, sparkling star particles, cool blue rim light, radiant energy filaments, glassy crystalline highlights. Rich 2D pixel-art shading with layered highlights, soft emissive glow, and fine edge detail.  Composition: the subject is centered on the 10x10 canvas, occupying roughly 80-90% of it, with a small safe margin so nothing is clipped.  Background: the background must be a solid, flat, pure white (#FFFFFF) with nothing else in it, so the sprite can be cleanly cut out later.  Overall style: detailed, high-quality 2D pixel art in Terraria's visual language — crisp outlines, layered shading, subtle glow and highlights, clean readable silhouette, game-ready sprite."
7,Projectiles/EndRainshot.png,终焉星陨引导弹｜弹幕,14x14,"A detailed end starfall guide tracer (终焉星陨引导弹). This is a flying projectile drawn mid-motion: it looks fast and alive — streaking motion lines, a glowing energy trail behind it, and small spark/particle embers radiating off its surface, conveying speed and direction.  Visual style: deep crimson and dark magenta palette, seething void-end energy, crackling red-violet lightning arcs, swirling dark mist, ominous glowing core, intense red rim light. Rich 2D pixel-art shading with layered highlights, soft emissive glow, and fine edge detail.  Composition: the subject is centered on the 14x14 canvas, occupying roughly 80-90% of it, with a small safe margin so nothing is clipped.  Background: the background must be a solid, flat, pure white (#FFFFFF) with nothing else in it, so the sprite can be cleanly cut out later.  Overall style: detailed, high-quality 2D pixel art in Terraria's visual language — crisp outlines, layered shading, subtle glow and highlights, clean readable silhouette, game-ready sprite."
8,Projectiles/EndStarfallBolt.png,终焉星陨弹｜弹幕,22x22,"A detailed end starfall bolt (终焉星陨弹). This is a flying projectile drawn mid-motion: it looks fast and alive — streaking motion lines, a glowing energy trail behind it, and small spark/particle embers radiating off its surface, conveying speed and direction.  Visual style: deep crimson and dark magenta palette, seething void-end energy, crackling red-violet lightning arcs, swirling dark mist, ominous glowing core, intense red rim light. Rich 2D pixel-art shading with layered highlights, soft emissive glow, and fine edge detail.  Composition: the subject is centered on the 22x22 canvas, occupying roughly 80-90% of it, with a small safe margin so nothing is clipped.  Background: the background must be a solid, flat, pure white (#FFFFFF) with nothing else in it, so the sprite can be cleanly cut out later.  Overall style: detailed, high-quality 2D pixel art in Terraria's visual language — crisp outlines, layered shading, subtle glow and highlights, clean readable silhouette, game-ready sprite."
9,Projectiles/EndOrb.png,虚空之月｜弹幕,34x34,"A detailed end void moon orb (虚空之月). This is a flying projectile drawn mid-motion: it looks fast and alive — streaking motion lines, a glowing energy trail behind it, and small spark/particle embers radiating off its surface, conveying speed and direction.  Visual style: deep crimson and dark magenta palette, seething void-end energy, crackling red-violet lightning arcs, swirling dark mist, ominous glowing core, intense red rim light. Rich 2D pixel-art shading with layered highlights, soft emissive glow, and fine edge detail.  Composition: the subject is centered on the 34x34 canvas, occupying roughly 80-90% of it, with a small safe margin so nothing is clipped.  Background: the background must be a solid, flat, pure white (#FFFFFF) with nothing else in it, so the sprite can be cleanly cut out later.  Overall style: detailed, high-quality 2D pixel art in Terraria's visual language — crisp outlines, layered shading, subtle glow and highlights, clean readable silhouette, game-ready sprite."
10,Projectiles/EndSeekerBolt.png,终焉追踪弹｜弹幕,16x16,"A detailed end seeker bolt (终焉追踪弹). This is a flying projectile drawn mid-motion: it looks fast and alive — streaking motion lines, a glowing energy trail behind it, and small spark/particle embers radiating off its surface, conveying speed and direction.  Visual style: deep crimson and dark magenta palette, seething void-end energy, crackling red-violet lightning arcs, swirling dark mist, ominous glowing core, intense red rim light. Rich 2D pixel-art shading with layered highlights, soft emissive glow, and fine edge detail.  Composition: the subject is centered on the 16x16 canvas, occupying roughly 80-90% of it, with a small safe margin so nothing is clipped.  Background: the background must be a solid, flat, pure white (#FFFFFF) with nothing else in it, so the sprite can be cleanly cut out later.  Overall style: detailed, high-quality 2D pixel art in Terraria's visual language — crisp outlines, layered shading, subtle glow and highlights, clean readable silhouette, game-ready sprite."
11,Projectiles/EndLord.png,终焉之主｜弹幕,40x40,"A detailed end lord minion (终焉之主). This is a flying projectile drawn mid-motion: it looks fast and alive — streaking motion lines, a glowing energy trail behind it, and small spark/particle embers radiating off its surface, conveying speed and direction.  Visual style: deep crimson and dark magenta palette, seething void-end energy, crackling red-violet lightning arcs, swirling dark mist, ominous glowing core, intense red rim light. Rich 2D pixel-art shading with layered highlights, soft emissive glow, and fine edge detail.  Composition: the subject is centered on the 40x40 canvas, occupying roughly 80-90% of it, with a small safe margin so nothing is clipped.  Background: the background must be a solid, flat, pure white (#FFFFFF) with nothing else in it, so the sprite can be cleanly cut out later.  Overall style: detailed, high-quality 2D pixel art in Terraria's visual language — crisp outlines, layered shading, subtle glow and highlights, clean readable silhouette, game-ready sprite."
12,Projectiles/EndLordBeam.png,终焉死光｜弹幕,40x40,"A detailed end lord deathray (终焉死光). This is a flying projectile drawn mid-motion: it looks fast and alive — streaking motion lines, a glowing energy trail behind it, and small spark/particle embers radiating off its surface, conveying speed and direction.  Visual style: deep crimson and dark magenta palette, seething void-end energy, crackling red-violet lightning arcs, swirling dark mist, ominous glowing core, intense red rim light. Rich 2D pixel-art shading with layered highlights, soft emissive glow, and fine edge detail.  Composition: the subject is centered on the 40x40 canvas, occupying roughly 80-90% of it, with a small safe margin so nothing is clipped.  Background: the background must be a solid, flat, pure white (#FFFFFF) with nothing else in it, so the sprite can be cleanly cut out later.  Overall style: detailed, high-quality 2D pixel art in Terraria's visual language — crisp outlines, layered shading, subtle glow and highlights, clean readable silhouette, game-ready sprite."
13,Projectiles/EndWhipProjectile.png,终焉鞭｜弹幕,28x28,"A detailed end whip (终焉鞭). This is a flying projectile drawn mid-motion: it looks fast and alive — streaking motion lines, a glowing energy trail behind it, and small spark/particle embers radiating off its surface, conveying speed and direction.  Visual style: deep crimson and dark magenta palette, seething void-end energy, crackling red-violet lightning arcs, swirling dark mist, ominous glowing core, intense red rim light. Rich 2D pixel-art shading with layered highlights, soft emissive glow, and fine edge detail.  Composition: the subject is centered on the 28x28 canvas, occupying roughly 80-90% of it, with a small safe margin so nothing is clipped.  Background: the background must be a solid, flat, pure white (#FFFFFF) with nothing else in it, so the sprite can be cleanly cut out later.  Overall style: detailed, high-quality 2D pixel art in Terraria's visual language — crisp outlines, layered shading, subtle glow and highlights, clean readable silhouette, game-ready sprite."
14,Buffs/EndLordBuff.png,终焉之主｜增益/减益图标,32x32,"A detailed end lord buff icon (终焉之主). This is a square status-icon: one bold symbolic shape (eye, claw, wisp, orb, flame), simple and readable at small size, subtle inner glow and dark vignette.  Visual style: deep crimson and dark magenta palette, seething void-end energy, crackling red-violet lightning arcs, swirling dark mist, ominous glowing core, intense red rim light. Rich 2D pixel-art shading with layered highlights, soft emissive glow, and fine edge detail.  Composition: the subject is centered on the 32x32 canvas, occupying roughly 80-90% of it, with a small safe margin so nothing is clipped.  Background: the background must be a solid, flat, pure white (#FFFFFF) with nothing else in it, so the sprite can be cleanly cut out later.  Overall style: detailed, high-quality 2D pixel art in Terraria's visual language — crisp outlines, layered shading, subtle glow and highlights, clean readable silhouette, game-ready sprite."
15,Items/Weapons/EndStarfall.png,终焉星陨｜物品图标,56x30,"A detailed end starfall cannon (终焉星陨). This is a weapon/tool game icon drawn at a slight diagonal: sharp silhouette, metallic edges, glowing energy core or blade edge, readable shape at a glance, centered.  Visual style: deep crimson and dark magenta palette, seething void-end energy, crackling red-violet lightning arcs, swirling dark mist, ominous glowing core, intense red rim light. Rich 2D pixel-art shading with layered highlights, soft emissive glow, and fine edge detail.  Composition: the subject is centered on the 56x30 canvas, occupying roughly 80-90% of it, with a small safe margin so nothing is clipped.  Background: the background must be a solid, flat, pure white (#FFFFFF) with nothing else in it, so the sprite can be cleanly cut out later.  Overall style: detailed, high-quality 2D pixel art in Terraria's visual language — crisp outlines, layered shading, subtle glow and highlights, clean readable silhouette, game-ready sprite."
16,Items/Weapons/EndCodex.png,终焉法典｜物品图标,40x40,"A detailed end codex (终焉法典). This is a weapon/tool game icon drawn at a slight diagonal: sharp silhouette, metallic edges, glowing energy core or blade edge, readable shape at a glance, centered.  Visual style: deep crimson and dark magenta palette, seething void-end energy, crackling red-violet lightning arcs, swirling dark mist, ominous glowing core, intense red rim light. Rich 2D pixel-art shading with layered highlights, soft emissive glow, and fine edge detail.  Composition: the subject is centered on the 40x40 canvas, occupying roughly 80-90% of it, with a small safe margin so nothing is clipped.  Background: the background must be a solid, flat, pure white (#FFFFFF) with nothing else in it, so the sprite can be cleanly cut out later.  Overall style: detailed, high-quality 2D pixel art in Terraria's visual language — crisp outlines, layered shading, subtle glow and highlights, clean readable silhouette, game-ready sprite."
17,Items/Weapons/EndLordStaff.png,终焉之主法杖｜物品图标,40x40,"A detailed end lord summoning staff (终焉之主法杖). This is a weapon/tool game icon drawn at a slight diagonal: sharp silhouette, metallic edges, glowing energy core or blade edge, readable shape at a glance, centered.  Visual style: deep crimson and dark magenta palette, seething void-end energy, crackling red-violet lightning arcs, swirling dark mist, ominous glowing core, intense red rim light. Rich 2D pixel-art shading with layered highlights, soft emissive glow, and fine edge detail.  Composition: the subject is centered on the 40x40 canvas, occupying roughly 80-90% of it, with a small safe margin so nothing is clipped.  Background: the background must be a solid, flat, pure white (#FFFFFF) with nothing else in it, so the sprite can be cleanly cut out later.  Overall style: detailed, high-quality 2D pixel art in Terraria's visual language — crisp outlines, layered shading, subtle glow and highlights, clean readable silhouette, game-ready sprite."
18,Items/Weapons/EndWhip.png,终焉鞭｜物品图标,40x40,"A detailed end whip (终焉鞭). This is a weapon/tool game icon drawn at a slight diagonal: sharp silhouette, metallic edges, glowing energy core or blade edge, readable shape at a glance, centered.  Visual style: deep crimson and dark magenta palette, seething void-end energy, crackling red-violet lightning arcs, swirling dark mist, ominous glowing core, intense red rim light. Rich 2D pixel-art shading with layered highlights, soft emissive glow, and fine edge detail.  Composition: the subject is centered on the 40x40 canvas, occupying roughly 80-90% of it, with a small safe margin so nothing is clipped.  Background: the background must be a solid, flat, pure white (#FFFFFF) with nothing else in it, so the sprite can be cleanly cut out later.  Overall style: detailed, high-quality 2D pixel art in Terraria's visual language — crisp outlines, layered shading, subtle glow and highlights, clean readable silhouette, game-ready sprite."
19,Projectiles/StellarBlade.png,星渊飞剑｜弹幕,30x30,"A detailed stellar flying sword (星渊飞剑). This is a flying projectile drawn mid-motion: it looks fast and alive — streaking motion lines, a glowing energy trail behind it, and small spark/particle embers radiating off its surface, conveying speed and direction.  Visual style: deep navy blue and bright cyan starlight palette, sparkling star particles, cool blue rim light, radiant energy filaments, glassy crystalline highlights. Rich 2D pixel-art shading with layered highlights, soft emissive glow, and fine edge detail.  Composition: the subject is centered on the 30x30 canvas, occupying roughly 80-90% of it, with a small safe margin so nothing is clipped.  Background: the background must be a solid, flat, pure white (#FFFFFF) with nothing else in it, so the sprite can be cleanly cut out later.  Overall style: detailed, high-quality 2D pixel art in Terraria's visual language — crisp outlines, layered shading, subtle glow and highlights, clean readable silhouette, game-ready sprite."
20,Projectiles/EndMeteor.png,终焉陨石｜弹幕,30x30,"A detailed end meteor (终焉陨石). This is a flying projectile drawn mid-motion: it looks fast and alive — streaking motion lines, a glowing energy trail behind it, and small spark/particle embers radiating off its surface, conveying speed and direction.  Visual style: deep crimson and dark magenta palette, seething void-end energy, crackling red-violet lightning arcs, swirling dark mist, ominous glowing core, intense red rim light. Rich 2D pixel-art shading with layered highlights, soft emissive glow, and fine edge detail.  Composition: the subject is centered on the 30x30 canvas, occupying roughly 80-90% of it, with a small safe margin so nothing is clipped.  Background: the background must be a solid, flat, pure white (#FFFFFF) with nothing else in it, so the sprite can be cleanly cut out later.  Overall style: detailed, high-quality 2D pixel art in Terraria's visual language — crisp outlines, layered shading, subtle glow and highlights, clean readable silhouette, game-ready sprite."
21,Projectiles/EndVoidSlash.png,终焉震波｜弹幕,40x40,"A detailed end void slash shockwave (终焉震波). This is a flying projectile drawn mid-motion: it looks fast and alive — streaking motion lines, a glowing energy trail behind it, and small spark/particle embers radiating off its surface, conveying speed and direction.  Visual style: deep crimson and dark magenta palette, seething void-end energy, crackling red-violet lightning arcs, swirling dark mist, ominous glowing core, intense red rim light. Rich 2D pixel-art shading with layered highlights, soft emissive glow, and fine edge detail.  Composition: the subject is centered on the 40x40 canvas, occupying roughly 80-90% of it, with a small safe margin so nothing is clipped.  Background: the background must be a solid, flat, pure white (#FFFFFF) with nothing else in it, so the sprite can be cleanly cut out later.  Overall style: detailed, high-quality 2D pixel art in Terraria's visual language — crisp outlines, layered shading, subtle glow and highlights, clean readable silhouette, game-ready sprite."
22,Projectiles/EndLaserWave.png,终焉激光冲击波｜弹幕,40x40,"A detailed end laser shockwave (终焉激光冲击波). This is a flying projectile drawn mid-motion: it looks fast and alive — streaking motion lines, a glowing energy trail behind it, and small spark/particle embers radiating off its surface, conveying speed and direction.  Visual style: deep crimson and dark magenta palette, seething void-end energy, crackling red-violet lightning arcs, swirling dark mist, ominous glowing core, intense red rim light. Rich 2D pixel-art shading with layered highlights, soft emissive glow, and fine edge detail.  Composition: the subject is centered on the 40x40 canvas, occupying roughly 80-90% of it, with a small safe margin so nothing is clipped.  Background: the background must be a solid, flat, pure white (#FFFFFF) with nothing else in it, so the sprite can be cleanly cut out later.  Overall style: detailed, high-quality 2D pixel art in Terraria's visual language — crisp outlines, layered shading, subtle glow and highlights, clean readable silhouette, game-ready sprite."
23,Items/Materials/VoidOre.png,虚空矿石｜物品图标,20x20,"A detailed void ore chunk (虚空矿石). This is a game item icon viewed from a slight three-quarter angle: centered, crisp readable silhouette, clear material shading.  Visual style: dark black-purple cosmic void palette, glowing violet runes, swirling star dust, soft purple rim light, deep empty-space gradient. Rich 2D pixel-art shading with layered highlights, soft emissive glow, and fine edge detail.  Composition: the subject is centered on the 20x20 canvas, occupying roughly 80-90% of it, with a small safe margin so nothing is clipped.  Background: the background must be a solid, flat, pure white (#FFFFFF) with nothing else in it, so the sprite can be cleanly cut out later.  Overall style: detailed, high-quality 2D pixel art in Terraria's visual language — crisp outlines, layered shading, subtle glow and highlights, clean readable silhouette, game-ready sprite."
24,Items/Materials/VoidBar.png,虚空锭｜物品图标,28x28,"A detailed void ingot (虚空锭). This is a game item icon viewed from a slight three-quarter angle: centered, crisp readable silhouette, clear material shading.  Visual style: dark black-purple cosmic void palette, glowing violet runes, swirling star dust, soft purple rim light, deep empty-space gradient. Rich 2D pixel-art shading with layered highlights, soft emissive glow, and fine edge detail.  Composition: the subject is centered on the 28x28 canvas, occupying roughly 80-90% of it, with a small safe margin so nothing is clipped.  Background: the background must be a solid, flat, pure white (#FFFFFF) with nothing else in it, so the sprite can be cleanly cut out later.  Overall style: detailed, high-quality 2D pixel art in Terraria's visual language — crisp outlines, layered shading, subtle glow and highlights, clean readable silhouette, game-ready sprite."
25,Items/Materials/VoidBlock.png,虚空块｜物品图标,20x20,"A detailed void block (虚空块). This is a game item icon viewed from a slight three-quarter angle: centered, crisp readable silhouette, clear material shading.  Visual style: dark black-purple cosmic void palette, glowing violet runes, swirling star dust, soft purple rim light, deep empty-space gradient. Rich 2D pixel-art shading with layered highlights, soft emissive glow, and fine edge detail.  Composition: the subject is centered on the 20x20 canvas, occupying roughly 80-90% of it, with a small safe margin so nothing is clipped.  Background: the background must be a solid, flat, pure white (#FFFFFF) with nothing else in it, so the sprite can be cleanly cut out later.  Overall style: detailed, high-quality 2D pixel art in Terraria's visual language — crisp outlines, layered shading, subtle glow and highlights, clean readable silhouette, game-ready sprite."
26,Items/Materials/VoidWallItem.png,虚空墙｜物品图标,24x24,"A detailed void wall panel (虚空墙). This is a game item icon viewed from a slight three-quarter angle: centered, crisp readable silhouette, clear material shading.  Visual style: dark black-purple cosmic void palette, glowing violet runes, swirling star dust, soft purple rim light, deep empty-space gradient. Rich 2D pixel-art shading with layered highlights, soft emissive glow, and fine edge detail.  Composition: the subject is centered on the 24x24 canvas, occupying roughly 80-90% of it, with a small safe margin so nothing is clipped.  Background: the background must be a solid, flat, pure white (#FFFFFF) with nothing else in it, so the sprite can be cleanly cut out later.  Overall style: detailed, high-quality 2D pixel art in Terraria's visual language — crisp outlines, layered shading, subtle glow and highlights, clean readable silhouette, game-ready sprite."
27,Tiles/VoidOreTile.png,虚空矿｜可放置方块,16x16,"A detailed void ore tile (虚空矿). This is a placeable tile block texture: a single top-down tile with a clearly defined shape, seamless edges that connect to neighboring identical tiles, depth and surface texture.  Visual style: dark black-purple cosmic void palette, glowing violet runes, swirling star dust, soft purple rim light, deep empty-space gradient. Rich 2D pixel-art shading with layered highlights, soft emissive glow, and fine edge detail.  Composition: the image MUST completely fill the 16x16 canvas edge-to-edge with zero margins (full bleed) so it tiles perfectly; the tile pattern continues to the very borders.  There is no separate background — the tile itself covers the whole image.  Overall style: detailed, high-quality 2D pixel art in Terraria's visual language — crisp outlines, layered shading, subtle glow and highlights, clean readable silhouette, game-ready sprite."
28,Tiles/VoidBlockTile.png,虚空块｜可放置方块,16x16,"A detailed void block tile (虚空块). This is a placeable tile block texture: a single top-down tile with a clearly defined shape, seamless edges that connect to neighboring identical tiles, depth and surface texture.  Visual style: dark black-purple cosmic void palette, glowing violet runes, swirling star dust, soft purple rim light, deep empty-space gradient. Rich 2D pixel-art shading with layered highlights, soft emissive glow, and fine edge detail.  Composition: the image MUST completely fill the 16x16 canvas edge-to-edge with zero margins (full bleed) so it tiles perfectly; the tile pattern continues to the very borders.  There is no separate background — the tile itself covers the whole image.  Overall style: detailed, high-quality 2D pixel art in Terraria's visual language — crisp outlines, layered shading, subtle glow and highlights, clean readable silhouette, game-ready sprite."
29,Tiles/VoidAltarTile.png,归墟祭坛｜可放置方块,32x32,"A detailed void altar tile (归墟祭坛). This is a placeable tile block texture: a single top-down tile with a clearly defined shape, seamless edges that connect to neighboring identical tiles, depth and surface texture.  Visual style: dark black-purple cosmic void palette, glowing violet runes, swirling star dust, soft purple rim light, deep empty-space gradient. Rich 2D pixel-art shading with layered highlights, soft emissive glow, and fine edge detail.  Composition: the image MUST completely fill the 32x32 canvas edge-to-edge with zero margins (full bleed) so it tiles perfectly; the tile pattern continues to the very borders.  There is no separate background — the tile itself covers the whole image.  Overall style: detailed, high-quality 2D pixel art in Terraria's visual language — crisp outlines, layered shading, subtle glow and highlights, clean readable silhouette, game-ready sprite."
30,Walls/VoidWall.png,VoidWall｜墙,16x16,"A detailed void wall pattern (VoidWall). This is a wall surface texture: a seamless repeating pattern with subtle depth, continuing infinitely in all directions with no visible seams.  Visual style: dark black-purple cosmic void palette, glowing violet runes, swirling star dust, soft purple rim light, deep empty-space gradient. Rich 2D pixel-art shading with layered highlights, soft emissive glow, and fine edge detail.  Composition: the image MUST completely fill the 16x16 canvas edge-to-edge with zero margins (full bleed) so it tiles perfectly; the tile pattern continues to the very borders.  There is no separate background — the tile itself covers the whole image.  Overall style: detailed, high-quality 2D pixel art in Terraria's visual language — crisp outlines, layered shading, subtle glow and highlights, clean readable silhouette, game-ready sprite."
31,NPCs/VoidCrawler.png,虚空爬行者｜敌人/Boss,28x28,"A detailed void crawler insect monster (虚空爬行者). This is a full-body creature/enemy/boss in side view: dynamic menacing pose, distinct readable silhouette, limbs/claws/fins/tentacles clearly separated, expressive eyes if any, menace and detail in equal measure.  Visual style: dark black-purple cosmic void palette, glowing violet runes, swirling star dust, soft purple rim light, deep empty-space gradient. Rich 2D pixel-art shading with layered highlights, soft emissive glow, and fine edge detail.  Composition: the subject is centered on the 28x28 canvas, occupying roughly 80-90% of it, with a small safe margin so nothing is clipped.  Background: the background must be a solid, flat, pure white (#FFFFFF) with nothing else in it, so the sprite can be cleanly cut out later.  Overall style: detailed, high-quality 2D pixel art in Terraria's visual language — crisp outlines, layered shading, subtle glow and highlights, clean readable silhouette, game-ready sprite."
32,NPCs/VoidGazer.png,虚空之眼｜敌人/Boss,30x30,"A detailed void gazer floating eye (虚空之眼). This is a full-body creature/enemy/boss in side view: dynamic menacing pose, distinct readable silhouette, limbs/claws/fins/tentacles clearly separated, expressive eyes if any, menace and detail in equal measure.  Visual style: dark black-purple cosmic void palette, glowing violet runes, swirling star dust, soft purple rim light, deep empty-space gradient. Rich 2D pixel-art shading with layered highlights, soft emissive glow, and fine edge detail.  Composition: the subject is centered on the 30x30 canvas, occupying roughly 80-90% of it, with a small safe margin so nothing is clipped.  Background: the background must be a solid, flat, pure white (#FFFFFF) with nothing else in it, so the sprite can be cleanly cut out later.  Overall style: detailed, high-quality 2D pixel art in Terraria's visual language — crisp outlines, layered shading, subtle glow and highlights, clean readable silhouette, game-ready sprite."
33,Projectiles/VoidBolt.png,虚空弹｜弹幕,14x14,"A detailed void bolt (虚空弹). This is a flying projectile drawn mid-motion: it looks fast and alive — streaking motion lines, a glowing energy trail behind it, and small spark/particle embers radiating off its surface, conveying speed and direction.  Visual style: dark black-purple cosmic void palette, glowing violet runes, swirling star dust, soft purple rim light, deep empty-space gradient. Rich 2D pixel-art shading with layered highlights, soft emissive glow, and fine edge detail.  Composition: the subject is centered on the 14x14 canvas, occupying roughly 80-90% of it, with a small safe margin so nothing is clipped.  Background: the background must be a solid, flat, pure white (#FFFFFF) with nothing else in it, so the sprite can be cleanly cut out later.  Overall style: detailed, high-quality 2D pixel art in Terraria's visual language — crisp outlines, layered shading, subtle glow and highlights, clean readable silhouette, game-ready sprite."
34,Projectiles/VoidBullet.png,虚空子弹｜弹幕,10x10,"A detailed void bullet (虚空子弹). This is a flying projectile drawn mid-motion: it looks fast and alive — streaking motion lines, a glowing energy trail behind it, and small spark/particle embers radiating off its surface, conveying speed and direction.  Visual style: dark black-purple cosmic void palette, glowing violet runes, swirling star dust, soft purple rim light, deep empty-space gradient. Rich 2D pixel-art shading with layered highlights, soft emissive glow, and fine edge detail.  Composition: the subject is centered on the 10x10 canvas, occupying roughly 80-90% of it, with a small safe margin so nothing is clipped.  Background: the background must be a solid, flat, pure white (#FFFFFF) with nothing else in it, so the sprite can be cleanly cut out later.  Overall style: detailed, high-quality 2D pixel art in Terraria's visual language — crisp outlines, layered shading, subtle glow and highlights, clean readable silhouette, game-ready sprite."
35,Projectiles/VoidWisp.png,虚空小精灵｜弹幕,22x22,"A detailed void wisp minion (虚空小精灵). This is a flying projectile drawn mid-motion: it looks fast and alive — streaking motion lines, a glowing energy trail behind it, and small spark/particle embers radiating off its surface, conveying speed and direction.  Visual style: dark black-purple cosmic void palette, glowing violet runes, swirling star dust, soft purple rim light, deep empty-space gradient. Rich 2D pixel-art shading with layered highlights, soft emissive glow, and fine edge detail.  Composition: the subject is centered on the 22x22 canvas, occupying roughly 80-90% of it, with a small safe margin so nothing is clipped.  Background: the background must be a solid, flat, pure white (#FFFFFF) with nothing else in it, so the sprite can be cleanly cut out later.  Overall style: detailed, high-quality 2D pixel art in Terraria's visual language — crisp outlines, layered shading, subtle glow and highlights, clean readable silhouette, game-ready sprite."
36,Projectiles/VoidStaffBolt.png,虚空法杖弹｜弹幕,12x12,"A detailed void staff magic bolt (虚空法杖弹). This is a flying projectile drawn mid-motion: it looks fast and alive — streaking motion lines, a glowing energy trail behind it, and small spark/particle embers radiating off its surface, conveying speed and direction.  Visual style: dark black-purple cosmic void palette, glowing violet runes, swirling star dust, soft purple rim light, deep empty-space gradient. Rich 2D pixel-art shading with layered highlights, soft emissive glow, and fine edge detail.  Composition: the subject is centered on the 12x12 canvas, occupying roughly 80-90% of it, with a small safe margin so nothing is clipped.  Background: the background must be a solid, flat, pure white (#FFFFFF) with nothing else in it, so the sprite can be cleanly cut out later.  Overall style: detailed, high-quality 2D pixel art in Terraria's visual language — crisp outlines, layered shading, subtle glow and highlights, clean readable silhouette, game-ready sprite."
37,Items/Armor/VoidHelmet.png,虚空头盔｜物品图标,20x20,"A detailed void helmet (melee) (虚空头盔). This is a game item icon viewed from a slight three-quarter angle: centered, crisp readable silhouette, clear material shading.  Visual style: dark black-purple cosmic void palette, glowing violet runes, swirling star dust, soft purple rim light, deep empty-space gradient. Rich 2D pixel-art shading with layered highlights, soft emissive glow, and fine edge detail.  Composition: the subject is centered on the 20x20 canvas, occupying roughly 80-90% of it, with a small safe margin so nothing is clipped.  Background: the background must be a solid, flat, pure white (#FFFFFF) with nothing else in it, so the sprite can be cleanly cut out later.  Overall style: detailed, high-quality 2D pixel art in Terraria's visual language — crisp outlines, layered shading, subtle glow and highlights, clean readable silhouette, game-ready sprite."
38,Items/Armor/VoidHelmet_Head.png,虚空头盔｜装备外观 头｜物品图标,20x16,"A detailed void helmet (melee) (虚空头盔). This is a helmet/head armor piece worn on the player character: front-facing, flat game-equip style with no drop shadow and no perspective, shaped to wrap the body part naturally, armored plating with glowing seams.  Visual style: dark black-purple cosmic void palette, glowing violet runes, swirling star dust, soft purple rim light, deep empty-space gradient. Rich 2D pixel-art shading with layered highlights, soft emissive glow, and fine edge detail.  Composition: the subject is centered on the 20x16 canvas, occupying roughly 80-90% of it, with a small safe margin so nothing is clipped.  Background: the background must be a solid, flat, pure white (#FFFFFF) with nothing else in it, so the sprite can be cleanly cut out later.  Overall style: detailed, high-quality 2D pixel art in Terraria's visual language — crisp outlines, layered shading, subtle glow and highlights, clean readable silhouette, game-ready sprite."
39,Items/Armor/VoidBreastplate.png,虚空胸甲｜物品图标,20x20,"A detailed void breastplate (虚空胸甲). This is a game item icon viewed from a slight three-quarter angle: centered, crisp readable silhouette, clear material shading.  Visual style: dark black-purple cosmic void palette, glowing violet runes, swirling star dust, soft purple rim light, deep empty-space gradient. Rich 2D pixel-art shading with layered highlights, soft emissive glow, and fine edge detail.  Composition: the subject is centered on the 20x20 canvas, occupying roughly 80-90% of it, with a small safe margin so nothing is clipped.  Background: the background must be a solid, flat, pure white (#FFFFFF) with nothing else in it, so the sprite can be cleanly cut out later.  Overall style: detailed, high-quality 2D pixel art in Terraria's visual language — crisp outlines, layered shading, subtle glow and highlights, clean readable silhouette, game-ready sprite."
40,Items/Armor/VoidBreastplate_Body.png,虚空胸甲｜装备外观 身｜物品图标,24x20,"A detailed void breastplate (虚空胸甲). This is a chest/body armor piece worn on the player character: front-facing, flat game-equip style with no drop shadow and no perspective, shaped to wrap the body part naturally, armored plating with glowing seams.  Visual style: dark black-purple cosmic void palette, glowing violet runes, swirling star dust, soft purple rim light, deep empty-space gradient. Rich 2D pixel-art shading with layered highlights, soft emissive glow, and fine edge detail.  Composition: the subject is centered on the 24x20 canvas, occupying roughly 80-90% of it, with a small safe margin so nothing is clipped.  Background: the background must be a solid, flat, pure white (#FFFFFF) with nothing else in it, so the sprite can be cleanly cut out later.  Overall style: detailed, high-quality 2D pixel art in Terraria's visual language — crisp outlines, layered shading, subtle glow and highlights, clean readable silhouette, game-ready sprite."
41,Items/Armor/VoidLeggings.png,虚空护腿｜物品图标,20x20,"A detailed void leggings (虚空护腿). This is a game item icon viewed from a slight three-quarter angle: centered, crisp readable silhouette, clear material shading.  Visual style: dark black-purple cosmic void palette, glowing violet runes, swirling star dust, soft purple rim light, deep empty-space gradient. Rich 2D pixel-art shading with layered highlights, soft emissive glow, and fine edge detail.  Composition: the subject is centered on the 20x20 canvas, occupying roughly 80-90% of it, with a small safe margin so nothing is clipped.  Background: the background must be a solid, flat, pure white (#FFFFFF) with nothing else in it, so the sprite can be cleanly cut out later.  Overall style: detailed, high-quality 2D pixel art in Terraria's visual language — crisp outlines, layered shading, subtle glow and highlights, clean readable silhouette, game-ready sprite."
42,Items/Armor/VoidLeggings_Legs.png,虚空护腿｜装备外观 腿｜物品图标,20x16,"A detailed void leggings (虚空护腿). This is a legs/pants armor piece worn on the player character: front-facing, flat game-equip style with no drop shadow and no perspective, shaped to wrap the body part naturally, armored plating with glowing seams.  Visual style: dark black-purple cosmic void palette, glowing violet runes, swirling star dust, soft purple rim light, deep empty-space gradient. Rich 2D pixel-art shading with layered highlights, soft emissive glow, and fine edge detail.  Composition: the subject is centered on the 20x16 canvas, occupying roughly 80-90% of it, with a small safe margin so nothing is clipped.  Background: the background must be a solid, flat, pure white (#FFFFFF) with nothing else in it, so the sprite can be cleanly cut out later.  Overall style: detailed, high-quality 2D pixel art in Terraria's visual language — crisp outlines, layered shading, subtle glow and highlights, clean readable silhouette, game-ready sprite."
43,Items/Weapons/VoidEdge.png,虚空之刃｜物品图标,40x40,"A detailed void edge greatsword (虚空之刃). This is a weapon/tool game icon drawn at a slight diagonal: sharp silhouette, metallic edges, glowing energy core or blade edge, readable shape at a glance, centered.  Visual style: dark black-purple cosmic void palette, glowing violet runes, swirling star dust, soft purple rim light, deep empty-space gradient. Rich 2D pixel-art shading with layered highlights, soft emissive glow, and fine edge detail.  Composition: the subject is centered on the 40x40 canvas, occupying roughly 80-90% of it, with a small safe margin so nothing is clipped.  Background: the background must be a solid, flat, pure white (#FFFFFF) with nothing else in it, so the sprite can be cleanly cut out later.  Overall style: detailed, high-quality 2D pixel art in Terraria's visual language — crisp outlines, layered shading, subtle glow and highlights, clean readable silhouette, game-ready sprite."
44,Items/Weapons/VoidCarbine.png,虚空步枪｜物品图标,40x40,"A detailed void carbine rifle (虚空步枪). This is a weapon/tool game icon drawn at a slight diagonal: sharp silhouette, metallic edges, glowing energy core or blade edge, readable shape at a glance, centered.  Visual style: dark black-purple cosmic void palette, glowing violet runes, swirling star dust, soft purple rim light, deep empty-space gradient. Rich 2D pixel-art shading with layered highlights, soft emissive glow, and fine edge detail.  Composition: the subject is centered on the 40x40 canvas, occupying roughly 80-90% of it, with a small safe margin so nothing is clipped.  Background: the background must be a solid, flat, pure white (#FFFFFF) with nothing else in it, so the sprite can be cleanly cut out later.  Overall style: detailed, high-quality 2D pixel art in Terraria's visual language — crisp outlines, layered shading, subtle glow and highlights, clean readable silhouette, game-ready sprite."
45,Items/Weapons/VoidCarbine_Held.png,虚空步枪｜手持贴图｜物品图标,40x40,"A detailed void carbine rifle (虚空步枪). This is the held-in-hand sprite of the weapon/staff, gripped at a natural angle, grip end clearly defined, business end pointing outward with a small energy glow.  Visual style: dark black-purple cosmic void palette, glowing violet runes, swirling star dust, soft purple rim light, deep empty-space gradient. Rich 2D pixel-art shading with layered highlights, soft emissive glow, and fine edge detail.  Composition: the subject is centered on the 40x40 canvas, occupying roughly 80-90% of it, with a small safe margin so nothing is clipped.  Background: the background must be a solid, flat, pure white (#FFFFFF) with nothing else in it, so the sprite can be cleanly cut out later.  Overall style: detailed, high-quality 2D pixel art in Terraria's visual language — crisp outlines, layered shading, subtle glow and highlights, clean readable silhouette, game-ready sprite."
46,Items/Weapons/VoidStaff.png,虚空法杖｜物品图标,40x40,"A detailed void magic staff (虚空法杖). This is a weapon/tool game icon drawn at a slight diagonal: sharp silhouette, metallic edges, glowing energy core or blade edge, readable shape at a glance, centered.  Visual style: dark black-purple cosmic void palette, glowing violet runes, swirling star dust, soft purple rim light, deep empty-space gradient. Rich 2D pixel-art shading with layered highlights, soft emissive glow, and fine edge detail.  Composition: the subject is centered on the 40x40 canvas, occupying roughly 80-90% of it, with a small safe margin so nothing is clipped.  Background: the background must be a solid, flat, pure white (#FFFFFF) with nothing else in it, so the sprite can be cleanly cut out later.  Overall style: detailed, high-quality 2D pixel art in Terraria's visual language — crisp outlines, layered shading, subtle glow and highlights, clean readable silhouette, game-ready sprite."
47,Items/Weapons/VoidStaff_Held.png,虚空法杖｜手持贴图｜物品图标,40x40,"A detailed void magic staff (虚空法杖). This is the held-in-hand sprite of the weapon/staff, gripped at a natural angle, grip end clearly defined, business end pointing outward with a small energy glow.  Visual style: dark black-purple cosmic void palette, glowing violet runes, swirling star dust, soft purple rim light, deep empty-space gradient. Rich 2D pixel-art shading with layered highlights, soft emissive glow, and fine edge detail.  Composition: the subject is centered on the 40x40 canvas, occupying roughly 80-90% of it, with a small safe margin so nothing is clipped.  Background: the background must be a solid, flat, pure white (#FFFFFF) with nothing else in it, so the sprite can be cleanly cut out later.  Overall style: detailed, high-quality 2D pixel art in Terraria's visual language — crisp outlines, layered shading, subtle glow and highlights, clean readable silhouette, game-ready sprite."
48,Items/Weapons/VoidWispStaff.png,虚空小精灵法杖｜物品图标,40x40,"A detailed void wisp summoning staff (虚空小精灵法杖). This is a weapon/tool game icon drawn at a slight diagonal: sharp silhouette, metallic edges, glowing energy core or blade edge, readable shape at a glance, centered.  Visual style: dark black-purple cosmic void palette, glowing violet runes, swirling star dust, soft purple rim light, deep empty-space gradient. Rich 2D pixel-art shading with layered highlights, soft emissive glow, and fine edge detail.  Composition: the subject is centered on the 40x40 canvas, occupying roughly 80-90% of it, with a small safe margin so nothing is clipped.  Background: the background must be a solid, flat, pure white (#FFFFFF) with nothing else in it, so the sprite can be cleanly cut out later.  Overall style: detailed, high-quality 2D pixel art in Terraria's visual language — crisp outlines, layered shading, subtle glow and highlights, clean readable silhouette, game-ready sprite."
49,Items/Accessories/VoidAmulet.png,虚空护符｜物品图标,20x20,"A detailed void amulet (虚空护符). This is a game item icon viewed from a slight three-quarter angle: centered, crisp readable silhouette, clear material shading.  Visual style: dark black-purple cosmic void palette, glowing violet runes, swirling star dust, soft purple rim light, deep empty-space gradient. Rich 2D pixel-art shading with layered highlights, soft emissive glow, and fine edge detail.  Composition: the subject is centered on the 20x20 canvas, occupying roughly 80-90% of it, with a small safe margin so nothing is clipped.  Background: the background must be a solid, flat, pure white (#FFFFFF) with nothing else in it, so the sprite can be cleanly cut out later.  Overall style: detailed, high-quality 2D pixel art in Terraria's visual language — crisp outlines, layered shading, subtle glow and highlights, clean readable silhouette, game-ready sprite."
50,Items/Accessories/EyeOfTheAbyss.png,深渊之眼｜物品图标,20x20,"A detailed eye of the abyss amulet (深渊之眼). This is a game item icon viewed from a slight three-quarter angle: centered, crisp readable silhouette, clear material shading.  Visual style: dark cosmic void fantasy palette with purple and violet glow, mysterious and arcane. Rich 2D pixel-art shading with layered highlights, soft emissive glow, and fine edge detail.  Composition: the subject is centered on the 20x20 canvas, occupying roughly 80-90% of it, with a small safe margin so nothing is clipped.  Background: the background must be a solid, flat, pure white (#FFFFFF) with nothing else in it, so the sprite can be cleanly cut out later.  Overall style: detailed, high-quality 2D pixel art in Terraria's visual language — crisp outlines, layered shading, subtle glow and highlights, clean readable silhouette, game-ready sprite."
51,Items/Tools/VoidPickaxe.png,虚空镐｜物品图标,40x40,"A detailed void pickaxe (虚空镐). This is a weapon/tool game icon drawn at a slight diagonal: sharp silhouette, metallic edges, glowing energy core or blade edge, readable shape at a glance, centered.  Visual style: dark black-purple cosmic void palette, glowing violet runes, swirling star dust, soft purple rim light, deep empty-space gradient. Rich 2D pixel-art shading with layered highlights, soft emissive glow, and fine edge detail.  Composition: the subject is centered on the 40x40 canvas, occupying roughly 80-90% of it, with a small safe margin so nothing is clipped.  Background: the background must be a solid, flat, pure white (#FFFFFF) with nothing else in it, so the sprite can be cleanly cut out later.  Overall style: detailed, high-quality 2D pixel art in Terraria's visual language — crisp outlines, layered shading, subtle glow and highlights, clean readable silhouette, game-ready sprite."
52,Items/Tools/VoidAxe.png,虚空斧｜物品图标,40x40,"A detailed void axe (虚空斧). This is a weapon/tool game icon drawn at a slight diagonal: sharp silhouette, metallic edges, glowing energy core or blade edge, readable shape at a glance, centered.  Visual style: dark black-purple cosmic void palette, glowing violet runes, swirling star dust, soft purple rim light, deep empty-space gradient. Rich 2D pixel-art shading with layered highlights, soft emissive glow, and fine edge detail.  Composition: the subject is centered on the 40x40 canvas, occupying roughly 80-90% of it, with a small safe margin so nothing is clipped.  Background: the background must be a solid, flat, pure white (#FFFFFF) with nothing else in it, so the sprite can be cleanly cut out later.  Overall style: detailed, high-quality 2D pixel art in Terraria's visual language — crisp outlines, layered shading, subtle glow and highlights, clean readable silhouette, game-ready sprite."
53,Items/Tools/VoidHammer.png,虚空锤｜物品图标,40x40,"A detailed void hammer (虚空锤). This is a weapon/tool game icon drawn at a slight diagonal: sharp silhouette, metallic edges, glowing energy core or blade edge, readable shape at a glance, centered.  Visual style: dark black-purple cosmic void palette, glowing violet runes, swirling star dust, soft purple rim light, deep empty-space gradient. Rich 2D pixel-art shading with layered highlights, soft emissive glow, and fine edge detail.  Composition: the subject is centered on the 40x40 canvas, occupying roughly 80-90% of it, with a small safe margin so nothing is clipped.  Background: the background must be a solid, flat, pure white (#FFFFFF) with nothing else in it, so the sprite can be cleanly cut out later.  Overall style: detailed, high-quality 2D pixel art in Terraria's visual language — crisp outlines, layered shading, subtle glow and highlights, clean readable silhouette, game-ready sprite."
54,Items/Consumables/VoidPotion.png,虚空药水｜物品图标,20x20,"A detailed void potion flask (虚空药水). This is a game item icon viewed from a slight three-quarter angle: centered, crisp readable silhouette, clear material shading.  Visual style: dark black-purple cosmic void palette, glowing violet runes, swirling star dust, soft purple rim light, deep empty-space gradient. Rich 2D pixel-art shading with layered highlights, soft emissive glow, and fine edge detail.  Composition: the subject is centered on the 20x20 canvas, occupying roughly 80-90% of it, with a small safe margin so nothing is clipped.  Background: the background must be a solid, flat, pure white (#FFFFFF) with nothing else in it, so the sprite can be cleanly cut out later.  Overall style: detailed, high-quality 2D pixel art in Terraria's visual language — crisp outlines, layered shading, subtle glow and highlights, clean readable silhouette, game-ready sprite."
55,Buffs/VoidSight.png,虚空洞察｜增益/减益图标,32x32,"A detailed void sight buff icon (虚空洞察). This is a square status-icon: one bold symbolic shape (eye, claw, wisp, orb, flame), simple and readable at small size, subtle inner glow and dark vignette.  Visual style: dark black-purple cosmic void palette, glowing violet runes, swirling star dust, soft purple rim light, deep empty-space gradient. Rich 2D pixel-art shading with layered highlights, soft emissive glow, and fine edge detail.  Composition: the subject is centered on the 32x32 canvas, occupying roughly 80-90% of it, with a small safe margin so nothing is clipped.  Background: the background must be a solid, flat, pure white (#FFFFFF) with nothing else in it, so the sprite can be cleanly cut out later.  Overall style: detailed, high-quality 2D pixel art in Terraria's visual language — crisp outlines, layered shading, subtle glow and highlights, clean readable silhouette, game-ready sprite."
56,Items/Weapons/VoidBow.png,虚空弓｜物品图标,40x40,"A detailed void longbow (虚空弓). This is a weapon/tool game icon drawn at a slight diagonal: sharp silhouette, metallic edges, glowing energy core or blade edge, readable shape at a glance, centered.  Visual style: dark black-purple cosmic void palette, glowing violet runes, swirling star dust, soft purple rim light, deep empty-space gradient. Rich 2D pixel-art shading with layered highlights, soft emissive glow, and fine edge detail.  Composition: the subject is centered on the 40x40 canvas, occupying roughly 80-90% of it, with a small safe margin so nothing is clipped.  Background: the background must be a solid, flat, pure white (#FFFFFF) with nothing else in it, so the sprite can be cleanly cut out later.  Overall style: detailed, high-quality 2D pixel art in Terraria's visual language — crisp outlines, layered shading, subtle glow and highlights, clean readable silhouette, game-ready sprite."
57,Items/Weapons/VoidLash.png,虚空鞭｜物品图标,40x40,"A detailed void whip (虚空鞭). This is a weapon/tool game icon drawn at a slight diagonal: sharp silhouette, metallic edges, glowing energy core or blade edge, readable shape at a glance, centered.  Visual style: dark black-purple cosmic void palette, glowing violet runes, swirling star dust, soft purple rim light, deep empty-space gradient. Rich 2D pixel-art shading with layered highlights, soft emissive glow, and fine edge detail.  Composition: the subject is centered on the 40x40 canvas, occupying roughly 80-90% of it, with a small safe margin so nothing is clipped.  Background: the background must be a solid, flat, pure white (#FFFFFF) with nothing else in it, so the sprite can be cleanly cut out later.  Overall style: detailed, high-quality 2D pixel art in Terraria's visual language — crisp outlines, layered shading, subtle glow and highlights, clean readable silhouette, game-ready sprite."
58,Projectiles/VoidLashProjectile.png,虚空鞭｜弹幕,28x28,"A detailed void whip lash (虚空鞭). This is a flying projectile drawn mid-motion: it looks fast and alive — streaking motion lines, a glowing energy trail behind it, and small spark/particle embers radiating off its surface, conveying speed and direction.  Visual style: dark black-purple cosmic void palette, glowing violet runes, swirling star dust, soft purple rim light, deep empty-space gradient. Rich 2D pixel-art shading with layered highlights, soft emissive glow, and fine edge detail.  Composition: the subject is centered on the 28x28 canvas, occupying roughly 80-90% of it, with a small safe margin so nothing is clipped.  Background: the background must be a solid, flat, pure white (#FFFFFF) with nothing else in it, so the sprite can be cleanly cut out later.  Overall style: detailed, high-quality 2D pixel art in Terraria's visual language — crisp outlines, layered shading, subtle glow and highlights, clean readable silhouette, game-ready sprite."
59,Buffs/VoidWispBuff.png,虚空小精灵｜增益/减益图标,32x32,"A detailed void wisp buff icon (虚空小精灵). This is a square status-icon: one bold symbolic shape (eye, claw, wisp, orb, flame), simple and readable at small size, subtle inner glow and dark vignette.  Visual style: dark black-purple cosmic void palette, glowing violet runes, swirling star dust, soft purple rim light, deep empty-space gradient. Rich 2D pixel-art shading with layered highlights, soft emissive glow, and fine edge detail.  Composition: the subject is centered on the 32x32 canvas, occupying roughly 80-90% of it, with a small safe margin so nothing is clipped.  Background: the background must be a solid, flat, pure white (#FFFFFF) with nothing else in it, so the sprite can be cleanly cut out later.  Overall style: detailed, high-quality 2D pixel art in Terraria's visual language — crisp outlines, layered shading, subtle glow and highlights, clean readable silhouette, game-ready sprite."
60,Tiles/VoidForgeTile_Highlight.png,虚空锻炉｜高亮描边（选中）｜可放置方块,48x48,"A detailed void forge tile (虚空锻炉). This is a selection-highlight overlay: a crisp bright wireframe silhouette tracing the tile's outer edges, thin luminous line with a subtle inner glow, exactly matching the tile outline, semi-transparent.  Visual style: dark black-purple cosmic void palette, glowing violet runes, swirling star dust, soft purple rim light, deep empty-space gradient. Rich 2D pixel-art shading with layered highlights, soft emissive glow, and fine edge detail.  Composition: the image MUST completely fill the 48x48 canvas edge-to-edge with zero margins (full bleed) so it tiles perfectly; the tile pattern continues to the very borders.  There is no separate background — the tile itself covers the whole image.  Overall style: detailed, high-quality 2D pixel art in Terraria's visual language — crisp outlines, layered shading, subtle glow and highlights, clean readable silhouette, game-ready sprite."
61,Tiles/VoidForgeTile.png,虚空锻炉｜可放置方块,48x48,"A detailed void forge tile (虚空锻炉). This is a placeable tile block texture: a single top-down tile with a clearly defined shape, seamless edges that connect to neighboring identical tiles, depth and surface texture.  Visual style: dark black-purple cosmic void palette, glowing violet runes, swirling star dust, soft purple rim light, deep empty-space gradient. Rich 2D pixel-art shading with layered highlights, soft emissive glow, and fine edge detail.  Composition: the image MUST completely fill the 48x48 canvas edge-to-edge with zero margins (full bleed) so it tiles perfectly; the tile pattern continues to the very borders.  There is no separate background — the tile itself covers the whole image.  Overall style: detailed, high-quality 2D pixel art in Terraria's visual language — crisp outlines, layered shading, subtle glow and highlights, clean readable silhouette, game-ready sprite."
62,Tiles/VoidTableTile.png,虚空桌｜可放置方块,16x32,"A detailed void table tile (虚空桌). This is a placeable tile block texture: a single top-down tile with a clearly defined shape, seamless edges that connect to neighboring identical tiles, depth and surface texture.  Visual style: dark black-purple cosmic void palette, glowing violet runes, swirling star dust, soft purple rim light, deep empty-space gradient. Rich 2D pixel-art shading with layered highlights, soft emissive glow, and fine edge detail.  Composition: the image MUST completely fill the 16x32 canvas edge-to-edge with zero margins (full bleed) so it tiles perfectly; the tile pattern continues to the very borders.  There is no separate background — the tile itself covers the whole image.  Overall style: detailed, high-quality 2D pixel art in Terraria's visual language — crisp outlines, layered shading, subtle glow and highlights, clean readable silhouette, game-ready sprite."
63,Tiles/VoidChairTile.png,虚空椅｜可放置方块,16x32,"A detailed void chair tile (虚空椅). This is a placeable tile block texture: a single top-down tile with a clearly defined shape, seamless edges that connect to neighboring identical tiles, depth and surface texture.  Visual style: dark black-purple cosmic void palette, glowing violet runes, swirling star dust, soft purple rim light, deep empty-space gradient. Rich 2D pixel-art shading with layered highlights, soft emissive glow, and fine edge detail.  Composition: the image MUST completely fill the 16x32 canvas edge-to-edge with zero margins (full bleed) so it tiles perfectly; the tile pattern continues to the very borders.  There is no separate background — the tile itself covers the whole image.  Overall style: detailed, high-quality 2D pixel art in Terraria's visual language — crisp outlines, layered shading, subtle glow and highlights, clean readable silhouette, game-ready sprite."
64,Items/Materials/VoidCore.png,虚空核心｜物品图标,20x20,"A detailed void core gem (虚空核心). This is a game item icon viewed from a slight three-quarter angle: centered, crisp readable silhouette, clear material shading.  Visual style: dark black-purple cosmic void palette, glowing violet runes, swirling star dust, soft purple rim light, deep empty-space gradient. Rich 2D pixel-art shading with layered highlights, soft emissive glow, and fine edge detail.  Composition: the subject is centered on the 20x20 canvas, occupying roughly 80-90% of it, with a small safe margin so nothing is clipped.  Background: the background must be a solid, flat, pure white (#FFFFFF) with nothing else in it, so the sprite can be cleanly cut out later.  Overall style: detailed, high-quality 2D pixel art in Terraria's visual language — crisp outlines, layered shading, subtle glow and highlights, clean readable silhouette, game-ready sprite."
65,Items/Materials/VoidSigil.png,虚空印记｜物品图标,20x20,"A detailed void sigil summoning item (虚空印记). This is a game item icon viewed from a slight three-quarter angle: centered, crisp readable silhouette, clear material shading.  Visual style: dark black-purple cosmic void palette, glowing violet runes, swirling star dust, soft purple rim light, deep empty-space gradient. Rich 2D pixel-art shading with layered highlights, soft emissive glow, and fine edge detail.  Composition: the subject is centered on the 20x20 canvas, occupying roughly 80-90% of it, with a small safe margin so nothing is clipped.  Background: the background must be a solid, flat, pure white (#FFFFFF) with nothing else in it, so the sprite can be cleanly cut out later.  Overall style: detailed, high-quality 2D pixel art in Terraria's visual language — crisp outlines, layered shading, subtle glow and highlights, clean readable silhouette, game-ready sprite."
66,Items/Furniture/VoidForgeItem.png,虚空锻炉｜物品图标,30x30,"A detailed void forge crafting station (虚空锻炉). This is a game item icon viewed from a slight three-quarter angle: centered, crisp readable silhouette, clear material shading.  Visual style: dark black-purple cosmic void palette, glowing violet runes, swirling star dust, soft purple rim light, deep empty-space gradient. Rich 2D pixel-art shading with layered highlights, soft emissive glow, and fine edge detail.  Composition: the subject is centered on the 30x30 canvas, occupying roughly 80-90% of it, with a small safe margin so nothing is clipped.  Background: the background must be a solid, flat, pure white (#FFFFFF) with nothing else in it, so the sprite can be cleanly cut out later.  Overall style: detailed, high-quality 2D pixel art in Terraria's visual language — crisp outlines, layered shading, subtle glow and highlights, clean readable silhouette, game-ready sprite."
67,Items/Furniture/VoidTableItem.png,虚空桌｜物品图标,20x20,"A detailed void table (虚空桌). This is a game item icon viewed from a slight three-quarter angle: centered, crisp readable silhouette, clear material shading.  Visual style: dark black-purple cosmic void palette, glowing violet runes, swirling star dust, soft purple rim light, deep empty-space gradient. Rich 2D pixel-art shading with layered highlights, soft emissive glow, and fine edge detail.  Composition: the subject is centered on the 20x20 canvas, occupying roughly 80-90% of it, with a small safe margin so nothing is clipped.  Background: the background must be a solid, flat, pure white (#FFFFFF) with nothing else in it, so the sprite can be cleanly cut out later.  Overall style: detailed, high-quality 2D pixel art in Terraria's visual language — crisp outlines, layered shading, subtle glow and highlights, clean readable silhouette, game-ready sprite."
68,Items/Furniture/VoidChairItem.png,虚空椅｜物品图标,20x20,"A detailed void chair (虚空椅). This is a game item icon viewed from a slight three-quarter angle: centered, crisp readable silhouette, clear material shading.  Visual style: dark black-purple cosmic void palette, glowing violet runes, swirling star dust, soft purple rim light, deep empty-space gradient. Rich 2D pixel-art shading with layered highlights, soft emissive glow, and fine edge detail.  Composition: the subject is centered on the 20x20 canvas, occupying roughly 80-90% of it, with a small safe margin so nothing is clipped.  Background: the background must be a solid, flat, pure white (#FFFFFF) with nothing else in it, so the sprite can be cleanly cut out later.  Overall style: detailed, high-quality 2D pixel art in Terraria's visual language — crisp outlines, layered shading, subtle glow and highlights, clean readable silhouette, game-ready sprite."
69,NPCs/VoidWatcher.png,虚空守望者｜敌人/Boss,128x128,"A detailed Void Watcher (boss, twin-phase watcher) (虚空守望者). This is a full-body creature/enemy/boss in side view: dynamic menacing pose, distinct readable silhouette, limbs/claws/fins/tentacles clearly separated, expressive eyes if any, menace and detail in equal measure.  Visual style: dark black-purple cosmic void palette, glowing violet runes, swirling star dust, soft purple rim light, deep empty-space gradient. Rich 2D pixel-art shading with layered highlights, soft emissive glow, and fine edge detail.  Composition: the subject is centered on the 128x128 canvas, occupying roughly 80-90% of it, with a small safe margin so nothing is clipped.  Background: the background must be a solid, flat, pure white (#FFFFFF) with nothing else in it, so the sprite can be cleanly cut out later.  Overall style: detailed, high-quality 2D pixel art in Terraria's visual language — crisp outlines, layered shading, subtle glow and highlights, clean readable silhouette, game-ready sprite."
70,NPCs/VoidWatcher_Head_Boss.png,虚空守望者｜Boss 地图头像｜敌人/Boss,26x26,"A detailed Void Watcher (boss, twin-phase watcher) (虚空守望者). This is a circular boss map icon: a front-facing portrait bust of the creature's head/face, bold and readable at tiny size, framed by an ominous energy aura, face centered, horns/eyes/teeth clearly visible.  Visual style: dark black-purple cosmic void palette, glowing violet runes, swirling star dust, soft purple rim light, deep empty-space gradient. Rich 2D pixel-art shading with layered highlights, soft emissive glow, and fine edge detail.  Composition: the subject is centered on the 26x26 canvas, occupying roughly 80-90% of it, with a small safe margin so nothing is clipped.  Background: the background must be a solid, flat, pure white (#FFFFFF) with nothing else in it, so the sprite can be cleanly cut out later.  Overall style: detailed, high-quality 2D pixel art in Terraria's visual language — crisp outlines, layered shading, subtle glow and highlights, clean readable silhouette, game-ready sprite."
71,NPCs/VoidBlacksmith_Head.png,虚影铁匠｜城镇NPC｜装备外观 头,40x40,"A detailed void blacksmith town NPC (虚影铁匠). This is a helmet/head armor piece worn on the player character: front-facing, flat game-equip style with no drop shadow and no perspective, shaped to wrap the body part naturally, armored plating with glowing seams.  Visual style: dark black-purple cosmic void palette, glowing violet runes, swirling star dust, soft purple rim light, deep empty-space gradient. Rich 2D pixel-art shading with layered highlights, soft emissive glow, and fine edge detail.  Important: this is exactly ONE single animation frame of a town NPC — the image height must be only ONE frame tall (56 px, i.e. a 40x56 single cell, NOT the full 1400 px sprite sheet; I will assemble the sheet myself). The character stands upright and centered, facing slightly toward the viewer, feet near the bottom edge.  Background: the background must be a solid, flat, pure white (#FFFFFF) with nothing else in it, so the sprite can be cleanly cut out later.  Overall style: detailed, high-quality 2D pixel art in Terraria's visual language — crisp outlines, layered shading, subtle glow and highlights, clean readable silhouette, game-ready sprite."
72,NPCs/VoidAstrologer_Head.png,归墟占星师｜城镇NPC｜装备外观 头,40x40,"A detailed void astrologer town NPC (归墟占星师). This is a helmet/head armor piece worn on the player character: front-facing, flat game-equip style with no drop shadow and no perspective, shaped to wrap the body part naturally, armored plating with glowing seams.  Visual style: dark black-purple cosmic void palette, glowing violet runes, swirling star dust, soft purple rim light, deep empty-space gradient. Rich 2D pixel-art shading with layered highlights, soft emissive glow, and fine edge detail.  Important: this is exactly ONE single animation frame of a town NPC — the image height must be only ONE frame tall (56 px, i.e. a 40x56 single cell, NOT the full 1400 px sprite sheet; I will assemble the sheet myself). The character stands upright and centered, facing slightly toward the viewer, feet near the bottom edge.  Background: the background must be a solid, flat, pure white (#FFFFFF) with nothing else in it, so the sprite can be cleanly cut out later.  Overall style: detailed, high-quality 2D pixel art in Terraria's visual language — crisp outlines, layered shading, subtle glow and highlights, clean readable silhouette, game-ready sprite."
73,Tiles/VoidChestTile.png,虚空箱｜可放置方块,72x38,"A detailed void chest tile (虚空箱). This is a placeable tile block texture: a single top-down tile with a clearly defined shape, seamless edges that connect to neighboring identical tiles, depth and surface texture.  Visual style: dark black-purple cosmic void palette, glowing violet runes, swirling star dust, soft purple rim light, deep empty-space gradient. Rich 2D pixel-art shading with layered highlights, soft emissive glow, and fine edge detail.  Composition: the image MUST completely fill the 72x38 canvas edge-to-edge with zero margins (full bleed) so it tiles perfectly; the tile pattern continues to the very borders.  There is no separate background — the tile itself covers the whole image.  Overall style: detailed, high-quality 2D pixel art in Terraria's visual language — crisp outlines, layered shading, subtle glow and highlights, clean readable silhouette, game-ready sprite."
74,Tiles/VoidChestTile_Highlight.png,虚空箱｜高亮描边（选中）｜可放置方块,72x38,"A detailed void chest tile (虚空箱). This is a selection-highlight overlay: a crisp bright wireframe silhouette tracing the tile's outer edges, thin luminous line with a subtle inner glow, exactly matching the tile outline, semi-transparent.  Visual style: dark black-purple cosmic void palette, glowing violet runes, swirling star dust, soft purple rim light, deep empty-space gradient. Rich 2D pixel-art shading with layered highlights, soft emissive glow, and fine edge detail.  Composition: the image MUST completely fill the 72x38 canvas edge-to-edge with zero margins (full bleed) so it tiles perfectly; the tile pattern continues to the very borders.  There is no separate background — the tile itself covers the whole image.  Overall style: detailed, high-quality 2D pixel art in Terraria's visual language — crisp outlines, layered shading, subtle glow and highlights, clean readable silhouette, game-ready sprite."
75,Tiles/VoidBedTile.png,虚空床｜可放置方块,144x38,"A detailed void bed tile (虚空床). This is a placeable tile block texture: a single top-down tile with a clearly defined shape, seamless edges that connect to neighboring identical tiles, depth and surface texture.  Visual style: dark black-purple cosmic void palette, glowing violet runes, swirling star dust, soft purple rim light, deep empty-space gradient. Rich 2D pixel-art shading with layered highlights, soft emissive glow, and fine edge detail.  Composition: the image MUST completely fill the 144x38 canvas edge-to-edge with zero margins (full bleed) so it tiles perfectly; the tile pattern continues to the very borders.  There is no separate background — the tile itself covers the whole image.  Overall style: detailed, high-quality 2D pixel art in Terraria's visual language — crisp outlines, layered shading, subtle glow and highlights, clean readable silhouette, game-ready sprite."
76,Tiles/VoidBedTile_Highlight.png,虚空床｜高亮描边（选中）｜可放置方块,144x38,"A detailed void bed tile (虚空床). This is a selection-highlight overlay: a crisp bright wireframe silhouette tracing the tile's outer edges, thin luminous line with a subtle inner glow, exactly matching the tile outline, semi-transparent.  Visual style: dark black-purple cosmic void palette, glowing violet runes, swirling star dust, soft purple rim light, deep empty-space gradient. Rich 2D pixel-art shading with layered highlights, soft emissive glow, and fine edge detail.  Composition: the image MUST completely fill the 144x38 canvas edge-to-edge with zero margins (full bleed) so it tiles perfectly; the tile pattern continues to the very borders.  There is no separate background — the tile itself covers the whole image.  Overall style: detailed, high-quality 2D pixel art in Terraria's visual language — crisp outlines, layered shading, subtle glow and highlights, clean readable silhouette, game-ready sprite."
77,Tiles/VoidLampTile.png,虚空灯｜可放置方块,18x38,"A detailed void lamp tile (虚空灯). This is a placeable tile block texture: a single top-down tile with a clearly defined shape, seamless edges that connect to neighboring identical tiles, depth and surface texture.  Visual style: dark black-purple cosmic void palette, glowing violet runes, swirling star dust, soft purple rim light, deep empty-space gradient. Rich 2D pixel-art shading with layered highlights, soft emissive glow, and fine edge detail.  Composition: the image MUST completely fill the 18x38 canvas edge-to-edge with zero margins (full bleed) so it tiles perfectly; the tile pattern continues to the very borders.  There is no separate background — the tile itself covers the whole image.  Overall style: detailed, high-quality 2D pixel art in Terraria's visual language — crisp outlines, layered shading, subtle glow and highlights, clean readable silhouette, game-ready sprite."
78,Tiles/VoidCandelabraTile.png,虚空烛台｜可放置方块,36x38,"A detailed void candelabra tile (虚空烛台). This is a placeable tile block texture: a single top-down tile with a clearly defined shape, seamless edges that connect to neighboring identical tiles, depth and surface texture.  Visual style: dark black-purple cosmic void palette, glowing violet runes, swirling star dust, soft purple rim light, deep empty-space gradient. Rich 2D pixel-art shading with layered highlights, soft emissive glow, and fine edge detail.  Composition: the image MUST completely fill the 36x38 canvas edge-to-edge with zero margins (full bleed) so it tiles perfectly; the tile pattern continues to the very borders.  There is no separate background — the tile itself covers the whole image.  Overall style: detailed, high-quality 2D pixel art in Terraria's visual language — crisp outlines, layered shading, subtle glow and highlights, clean readable silhouette, game-ready sprite."
79,Items/Furniture/VoidChestItem.png,虚空箱｜物品图标,20x20,"A detailed void chest (虚空箱). This is a game item icon viewed from a slight three-quarter angle: centered, crisp readable silhouette, clear material shading.  Visual style: dark black-purple cosmic void palette, glowing violet runes, swirling star dust, soft purple rim light, deep empty-space gradient. Rich 2D pixel-art shading with layered highlights, soft emissive glow, and fine edge detail.  Composition: the subject is centered on the 20x20 canvas, occupying roughly 80-90% of it, with a small safe margin so nothing is clipped.  Background: the background must be a solid, flat, pure white (#FFFFFF) with nothing else in it, so the sprite can be cleanly cut out later.  Overall style: detailed, high-quality 2D pixel art in Terraria's visual language — crisp outlines, layered shading, subtle glow and highlights, clean readable silhouette, game-ready sprite."
80,Items/Furniture/VoidBedItem.png,虚空床｜物品图标,20x20,"A detailed void bed (虚空床). This is a game item icon viewed from a slight three-quarter angle: centered, crisp readable silhouette, clear material shading.  Visual style: dark black-purple cosmic void palette, glowing violet runes, swirling star dust, soft purple rim light, deep empty-space gradient. Rich 2D pixel-art shading with layered highlights, soft emissive glow, and fine edge detail.  Composition: the subject is centered on the 20x20 canvas, occupying roughly 80-90% of it, with a small safe margin so nothing is clipped.  Background: the background must be a solid, flat, pure white (#FFFFFF) with nothing else in it, so the sprite can be cleanly cut out later.  Overall style: detailed, high-quality 2D pixel art in Terraria's visual language — crisp outlines, layered shading, subtle glow and highlights, clean readable silhouette, game-ready sprite."
81,Items/Furniture/VoidLampItem.png,虚空灯｜物品图标,20x20,"A detailed void lamp (虚空灯). This is a game item icon viewed from a slight three-quarter angle: centered, crisp readable silhouette, clear material shading.  Visual style: dark black-purple cosmic void palette, glowing violet runes, swirling star dust, soft purple rim light, deep empty-space gradient. Rich 2D pixel-art shading with layered highlights, soft emissive glow, and fine edge detail.  Composition: the subject is centered on the 20x20 canvas, occupying roughly 80-90% of it, with a small safe margin so nothing is clipped.  Background: the background must be a solid, flat, pure white (#FFFFFF) with nothing else in it, so the sprite can be cleanly cut out later.  Overall style: detailed, high-quality 2D pixel art in Terraria's visual language — crisp outlines, layered shading, subtle glow and highlights, clean readable silhouette, game-ready sprite."
82,Items/Furniture/VoidCandelabraItem.png,虚空烛台｜物品图标,20x20,"A detailed void candelabra (虚空烛台). This is a game item icon viewed from a slight three-quarter angle: centered, crisp readable silhouette, clear material shading.  Visual style: dark black-purple cosmic void palette, glowing violet runes, swirling star dust, soft purple rim light, deep empty-space gradient. Rich 2D pixel-art shading with layered highlights, soft emissive glow, and fine edge detail.  Composition: the subject is centered on the 20x20 canvas, occupying roughly 80-90% of it, with a small safe margin so nothing is clipped.  Background: the background must be a solid, flat, pure white (#FFFFFF) with nothing else in it, so the sprite can be cleanly cut out later.  Overall style: detailed, high-quality 2D pixel art in Terraria's visual language — crisp outlines, layered shading, subtle glow and highlights, clean readable silhouette, game-ready sprite."
83,Items/Materials/AbyssScale.png,深渊鳞片｜物品图标,20x20,"A detailed abyssal scale (深渊鳞片). This is a game item icon viewed from a slight three-quarter angle: centered, crisp readable silhouette, clear material shading.  Visual style: deep teal and emerald abyss palette, bioluminescent green glow, dripping organic textures, slimy highlights, murky depth gradient. Rich 2D pixel-art shading with layered highlights, soft emissive glow, and fine edge detail.  Composition: the subject is centered on the 20x20 canvas, occupying roughly 80-90% of it, with a small safe margin so nothing is clipped.  Background: the background must be a solid, flat, pure white (#FFFFFF) with nothing else in it, so the sprite can be cleanly cut out later.  Overall style: detailed, high-quality 2D pixel art in Terraria's visual language — crisp outlines, layered shading, subtle glow and highlights, clean readable silhouette, game-ready sprite."
84,Items/Materials/VoidLordShard.png,归墟碎晶｜物品图标,22x22,"A detailed void lord shard crystal (归墟碎晶). This is a game item icon viewed from a slight three-quarter angle: centered, crisp readable silhouette, clear material shading.  Visual style: dark violet and gold palette, ominous void-lord aura, faint gold filigree, pulsing purple energy core, regal menace. Rich 2D pixel-art shading with layered highlights, soft emissive glow, and fine edge detail.  Composition: the subject is centered on the 22x22 canvas, occupying roughly 80-90% of it, with a small safe margin so nothing is clipped.  Background: the background must be a solid, flat, pure white (#FFFFFF) with nothing else in it, so the sprite can be cleanly cut out later.  Overall style: detailed, high-quality 2D pixel art in Terraria's visual language — crisp outlines, layered shading, subtle glow and highlights, clean readable silhouette, game-ready sprite."
85,Items/Consumables/AbyssalBait.png,深渊之饵｜物品图标,20x20,"A detailed abyssal bait lure (深渊之饵). This is a game item icon viewed from a slight three-quarter angle: centered, crisp readable silhouette, clear material shading.  Visual style: deep teal and emerald abyss palette, bioluminescent green glow, dripping organic textures, slimy highlights, murky depth gradient. Rich 2D pixel-art shading with layered highlights, soft emissive glow, and fine edge detail.  Composition: the subject is centered on the 20x20 canvas, occupying roughly 80-90% of it, with a small safe margin so nothing is clipped.  Background: the background must be a solid, flat, pure white (#FFFFFF) with nothing else in it, so the sprite can be cleanly cut out later.  Overall style: detailed, high-quality 2D pixel art in Terraria's visual language — crisp outlines, layered shading, subtle glow and highlights, clean readable silhouette, game-ready sprite."
86,Items/Consumables/VoidLordSigil.png,归墟王印｜物品图标,20x20,"A detailed void lord sigil (归墟王印). This is a game item icon viewed from a slight three-quarter angle: centered, crisp readable silhouette, clear material shading.  Visual style: dark violet and gold palette, ominous void-lord aura, faint gold filigree, pulsing purple energy core, regal menace. Rich 2D pixel-art shading with layered highlights, soft emissive glow, and fine edge detail.  Composition: the subject is centered on the 20x20 canvas, occupying roughly 80-90% of it, with a small safe margin so nothing is clipped.  Background: the background must be a solid, flat, pure white (#FFFFFF) with nothing else in it, so the sprite can be cleanly cut out later.  Overall style: detailed, high-quality 2D pixel art in Terraria's visual language — crisp outlines, layered shading, subtle glow and highlights, clean readable silhouette, game-ready sprite."
87,NPCs/AbyssalTentacle.png,深渊触手｜敌人/Boss,26x26,"A detailed abyssal tentacle (深渊触手). This is a full-body creature/enemy/boss in side view: dynamic menacing pose, distinct readable silhouette, limbs/claws/fins/tentacles clearly separated, expressive eyes if any, menace and detail in equal measure.  Visual style: deep teal and emerald abyss palette, bioluminescent green glow, dripping organic textures, slimy highlights, murky depth gradient. Rich 2D pixel-art shading with layered highlights, soft emissive glow, and fine edge detail.  Composition: the subject is centered on the 26x26 canvas, occupying roughly 80-90% of it, with a small safe margin so nothing is clipped.  Background: the background must be a solid, flat, pure white (#FFFFFF) with nothing else in it, so the sprite can be cleanly cut out later.  Overall style: detailed, high-quality 2D pixel art in Terraria's visual language — crisp outlines, layered shading, subtle glow and highlights, clean readable silhouette, game-ready sprite."
88,NPCs/VoidWalker.png,归墟行者｜敌人/Boss,30x30,"A detailed void walker wraith (归墟行者). This is a full-body creature/enemy/boss in side view: dynamic menacing pose, distinct readable silhouette, limbs/claws/fins/tentacles clearly separated, expressive eyes if any, menace and detail in equal measure.  Visual style: dark black-purple cosmic void palette, glowing violet runes, swirling star dust, soft purple rim light, deep empty-space gradient. Rich 2D pixel-art shading with layered highlights, soft emissive glow, and fine edge detail.  Composition: the subject is centered on the 30x30 canvas, occupying roughly 80-90% of it, with a small safe margin so nothing is clipped.  Background: the background must be a solid, flat, pure white (#FFFFFF) with nothing else in it, so the sprite can be cleanly cut out later.  Overall style: detailed, high-quality 2D pixel art in Terraria's visual language — crisp outlines, layered shading, subtle glow and highlights, clean readable silhouette, game-ready sprite."
89,NPCs/AbyssalWurmHead.png,深渊蠕虫｜敌人/Boss,28x28,"A detailed abyssal wurm head (boss) (深渊蠕虫). This is a full-body creature/enemy/boss in side view: dynamic menacing pose, distinct readable silhouette, limbs/claws/fins/tentacles clearly separated, expressive eyes if any, menace and detail in equal measure.  Visual style: deep teal and emerald abyss palette, bioluminescent green glow, dripping organic textures, slimy highlights, murky depth gradient. Rich 2D pixel-art shading with layered highlights, soft emissive glow, and fine edge detail.  Composition: the subject is centered on the 28x28 canvas, occupying roughly 80-90% of it, with a small safe margin so nothing is clipped.  Background: the background must be a solid, flat, pure white (#FFFFFF) with nothing else in it, so the sprite can be cleanly cut out later.  Overall style: detailed, high-quality 2D pixel art in Terraria's visual language — crisp outlines, layered shading, subtle glow and highlights, clean readable silhouette, game-ready sprite."
90,NPCs/AbyssalWurmBody.png,深渊蠕虫｜敌人/Boss,26x26,"A detailed abyssal wurm body segment (深渊蠕虫). This is a full-body creature/enemy/boss in side view: dynamic menacing pose, distinct readable silhouette, limbs/claws/fins/tentacles clearly separated, expressive eyes if any, menace and detail in equal measure.  Visual style: deep teal and emerald abyss palette, bioluminescent green glow, dripping organic textures, slimy highlights, murky depth gradient. Rich 2D pixel-art shading with layered highlights, soft emissive glow, and fine edge detail.  Composition: the subject is centered on the 26x26 canvas, occupying roughly 80-90% of it, with a small safe margin so nothing is clipped.  Background: the background must be a solid, flat, pure white (#FFFFFF) with nothing else in it, so the sprite can be cleanly cut out later.  Overall style: detailed, high-quality 2D pixel art in Terraria's visual language — crisp outlines, layered shading, subtle glow and highlights, clean readable silhouette, game-ready sprite."
91,NPCs/AbyssalWurmTail.png,深渊蠕虫｜敌人/Boss,24x24,"A detailed abyssal wurm tail (深渊蠕虫). This is a full-body creature/enemy/boss in side view: dynamic menacing pose, distinct readable silhouette, limbs/claws/fins/tentacles clearly separated, expressive eyes if any, menace and detail in equal measure.  Visual style: deep teal and emerald abyss palette, bioluminescent green glow, dripping organic textures, slimy highlights, murky depth gradient. Rich 2D pixel-art shading with layered highlights, soft emissive glow, and fine edge detail.  Composition: the subject is centered on the 24x24 canvas, occupying roughly 80-90% of it, with a small safe margin so nothing is clipped.  Background: the background must be a solid, flat, pure white (#FFFFFF) with nothing else in it, so the sprite can be cleanly cut out later.  Overall style: detailed, high-quality 2D pixel art in Terraria's visual language — crisp outlines, layered shading, subtle glow and highlights, clean readable silhouette, game-ready sprite."
92,NPCs/VoidLord.png,归墟领主｜敌人/Boss,120x120,"A detailed Void Lord (boss, cosmic void overlord) (归墟领主). This is a full-body creature/enemy/boss in side view: dynamic menacing pose, distinct readable silhouette, limbs/claws/fins/tentacles clearly separated, expressive eyes if any, menace and detail in equal measure.  Visual style: dark violet and gold palette, ominous void-lord aura, faint gold filigree, pulsing purple energy core, regal menace. Rich 2D pixel-art shading with layered highlights, soft emissive glow, and fine edge detail.  Composition: the subject is centered on the 120x120 canvas, occupying roughly 80-90% of it, with a small safe margin so nothing is clipped.  Background: the background must be a solid, flat, pure white (#FFFFFF) with nothing else in it, so the sprite can be cleanly cut out later.  Overall style: detailed, high-quality 2D pixel art in Terraria's visual language — crisp outlines, layered shading, subtle glow and highlights, clean readable silhouette, game-ready sprite."
93,NPCs/AbyssalWurmHead_Head_Boss.png,深渊蠕虫｜Boss 地图头像｜敌人/Boss,26x26,"A detailed abyssal wurm head (boss) (深渊蠕虫). This is a circular boss map icon: a front-facing portrait bust of the creature's head/face, bold and readable at tiny size, framed by an ominous energy aura, face centered, horns/eyes/teeth clearly visible.  Visual style: deep teal and emerald abyss palette, bioluminescent green glow, dripping organic textures, slimy highlights, murky depth gradient. Rich 2D pixel-art shading with layered highlights, soft emissive glow, and fine edge detail.  Composition: the subject is centered on the 26x26 canvas, occupying roughly 80-90% of it, with a small safe margin so nothing is clipped.  Background: the background must be a solid, flat, pure white (#FFFFFF) with nothing else in it, so the sprite can be cleanly cut out later.  Overall style: detailed, high-quality 2D pixel art in Terraria's visual language — crisp outlines, layered shading, subtle glow and highlights, clean readable silhouette, game-ready sprite."
94,NPCs/VoidLord_Head_Boss.png,归墟领主｜Boss 地图头像｜敌人/Boss,26x26,"A detailed Void Lord (boss, cosmic void overlord) (归墟领主). This is a circular boss map icon: a front-facing portrait bust of the creature's head/face, bold and readable at tiny size, framed by an ominous energy aura, face centered, horns/eyes/teeth clearly visible.  Visual style: dark violet and gold palette, ominous void-lord aura, faint gold filigree, pulsing purple energy core, regal menace. Rich 2D pixel-art shading with layered highlights, soft emissive glow, and fine edge detail.  Composition: the subject is centered on the 26x26 canvas, occupying roughly 80-90% of it, with a small safe margin so nothing is clipped.  Background: the background must be a solid, flat, pure white (#FFFFFF) with nothing else in it, so the sprite can be cleanly cut out later.  Overall style: detailed, high-quality 2D pixel art in Terraria's visual language — crisp outlines, layered shading, subtle glow and highlights, clean readable silhouette, game-ready sprite."
95,Projectiles/AbyssCannonball.png,深渊炮弹｜弹幕,14x14,"A detailed abyss cannonball (深渊炮弹). This is a flying projectile drawn mid-motion: it looks fast and alive — streaking motion lines, a glowing energy trail behind it, and small spark/particle embers radiating off its surface, conveying speed and direction.  Visual style: deep teal and emerald abyss palette, bioluminescent green glow, dripping organic textures, slimy highlights, murky depth gradient. Rich 2D pixel-art shading with layered highlights, soft emissive glow, and fine edge detail.  Composition: the subject is centered on the 14x14 canvas, occupying roughly 80-90% of it, with a small safe margin so nothing is clipped.  Background: the background must be a solid, flat, pure white (#FFFFFF) with nothing else in it, so the sprite can be cleanly cut out later.  Overall style: detailed, high-quality 2D pixel art in Terraria's visual language — crisp outlines, layered shading, subtle glow and highlights, clean readable silhouette, game-ready sprite."
96,Projectiles/AbyssSpell.png,深渊咒弹｜弹幕,14x14,"A detailed abyss spell orb (深渊咒弹). This is a flying projectile drawn mid-motion: it looks fast and alive — streaking motion lines, a glowing energy trail behind it, and small spark/particle embers radiating off its surface, conveying speed and direction.  Visual style: deep teal and emerald abyss palette, bioluminescent green glow, dripping organic textures, slimy highlights, murky depth gradient. Rich 2D pixel-art shading with layered highlights, soft emissive glow, and fine edge detail.  Composition: the subject is centered on the 14x14 canvas, occupying roughly 80-90% of it, with a small safe margin so nothing is clipped.  Background: the background must be a solid, flat, pure white (#FFFFFF) with nothing else in it, so the sprite can be cleanly cut out later.  Overall style: detailed, high-quality 2D pixel art in Terraria's visual language — crisp outlines, layered shading, subtle glow and highlights, clean readable silhouette, game-ready sprite."
97,Projectiles/AbyssGuardian.png,深渊守卫｜弹幕,28x28,"A detailed abyss guardian minion (深渊守卫). This is a flying projectile drawn mid-motion: it looks fast and alive — streaking motion lines, a glowing energy trail behind it, and small spark/particle embers radiating off its surface, conveying speed and direction.  Visual style: deep teal and emerald abyss palette, bioluminescent green glow, dripping organic textures, slimy highlights, murky depth gradient. Rich 2D pixel-art shading with layered highlights, soft emissive glow, and fine edge detail.  Composition: the subject is centered on the 28x28 canvas, occupying roughly 80-90% of it, with a small safe margin so nothing is clipped.  Background: the background must be a solid, flat, pure white (#FFFFFF) with nothing else in it, so the sprite can be cleanly cut out later.  Overall style: detailed, high-quality 2D pixel art in Terraria's visual language — crisp outlines, layered shading, subtle glow and highlights, clean readable silhouette, game-ready sprite."
98,Projectiles/VoidLordBolt.png,归墟贯穿弹｜弹幕,12x12,"A detailed void lord piercing bolt (归墟贯穿弹). This is a flying projectile drawn mid-motion: it looks fast and alive — streaking motion lines, a glowing energy trail behind it, and small spark/particle embers radiating off its surface, conveying speed and direction.  Visual style: dark violet and gold palette, ominous void-lord aura, faint gold filigree, pulsing purple energy core, regal menace. Rich 2D pixel-art shading with layered highlights, soft emissive glow, and fine edge detail.  Composition: the subject is centered on the 12x12 canvas, occupying roughly 80-90% of it, with a small safe margin so nothing is clipped.  Background: the background must be a solid, flat, pure white (#FFFFFF) with nothing else in it, so the sprite can be cleanly cut out later.  Overall style: detailed, high-quality 2D pixel art in Terraria's visual language — crisp outlines, layered shading, subtle glow and highlights, clean readable silhouette, game-ready sprite."
99,Projectiles/VoidLordEyeBolt.png,归墟之眼弹｜弹幕,16x16,"A detailed void lord eye bolt (归墟之眼弹). This is a flying projectile drawn mid-motion: it looks fast and alive — streaking motion lines, a glowing energy trail behind it, and small spark/particle embers radiating off its surface, conveying speed and direction.  Visual style: dark violet and gold palette, ominous void-lord aura, faint gold filigree, pulsing purple energy core, regal menace. Rich 2D pixel-art shading with layered highlights, soft emissive glow, and fine edge detail.  Composition: the subject is centered on the 16x16 canvas, occupying roughly 80-90% of it, with a small safe margin so nothing is clipped.  Background: the background must be a solid, flat, pure white (#FFFFFF) with nothing else in it, so the sprite can be cleanly cut out later.  Overall style: detailed, high-quality 2D pixel art in Terraria's visual language — crisp outlines, layered shading, subtle glow and highlights, clean readable silhouette, game-ready sprite."
100,Projectiles/VoidLordWatcher.png,归墟监视者｜弹幕,30x30,"A detailed void lord watcher minion (归墟监视者). This is a flying projectile drawn mid-motion: it looks fast and alive — streaking motion lines, a glowing energy trail behind it, and small spark/particle embers radiating off its surface, conveying speed and direction.  Visual style: dark violet and gold palette, ominous void-lord aura, faint gold filigree, pulsing purple energy core, regal menace. Rich 2D pixel-art shading with layered highlights, soft emissive glow, and fine edge detail.  Composition: the subject is centered on the 30x30 canvas, occupying roughly 80-90% of it, with a small safe margin so nothing is clipped.  Background: the background must be a solid, flat, pure white (#FFFFFF) with nothing else in it, so the sprite can be cleanly cut out later.  Overall style: detailed, high-quality 2D pixel art in Terraria's visual language — crisp outlines, layered shading, subtle glow and highlights, clean readable silhouette, game-ready sprite."
101,Projectiles/AbyssWormSpit.png,深渊酸液｜弹幕,14x14,"A detailed abyss worm acid spit (深渊酸液). This is a flying projectile drawn mid-motion: it looks fast and alive — streaking motion lines, a glowing energy trail behind it, and small spark/particle embers radiating off its surface, conveying speed and direction.  Visual style: deep teal and emerald abyss palette, bioluminescent green glow, dripping organic textures, slimy highlights, murky depth gradient. Rich 2D pixel-art shading with layered highlights, soft emissive glow, and fine edge detail.  Composition: the subject is centered on the 14x14 canvas, occupying roughly 80-90% of it, with a small safe margin so nothing is clipped.  Background: the background must be a solid, flat, pure white (#FFFFFF) with nothing else in it, so the sprite can be cleanly cut out later.  Overall style: detailed, high-quality 2D pixel art in Terraria's visual language — crisp outlines, layered shading, subtle glow and highlights, clean readable silhouette, game-ready sprite."
102,Projectiles/VoidLordBlast.png,归墟冲击波｜弹幕,40x40,"A detailed void lord blast wave (归墟冲击波). This is a flying projectile drawn mid-motion: it looks fast and alive — streaking motion lines, a glowing energy trail behind it, and small spark/particle embers radiating off its surface, conveying speed and direction.  Visual style: dark violet and gold palette, ominous void-lord aura, faint gold filigree, pulsing purple energy core, regal menace. Rich 2D pixel-art shading with layered highlights, soft emissive glow, and fine edge detail.  Composition: the subject is centered on the 40x40 canvas, occupying roughly 80-90% of it, with a small safe margin so nothing is clipped.  Background: the background must be a solid, flat, pure white (#FFFFFF) with nothing else in it, so the sprite can be cleanly cut out later.  Overall style: detailed, high-quality 2D pixel art in Terraria's visual language — crisp outlines, layered shading, subtle glow and highlights, clean readable silhouette, game-ready sprite."
103,Items/Armor/AbyssHelmet.png,深渊头盔｜物品图标,20x20,"A detailed abyss helmet (melee) (深渊头盔). This is a game item icon viewed from a slight three-quarter angle: centered, crisp readable silhouette, clear material shading.  Visual style: deep teal and emerald abyss palette, bioluminescent green glow, dripping organic textures, slimy highlights, murky depth gradient. Rich 2D pixel-art shading with layered highlights, soft emissive glow, and fine edge detail.  Composition: the subject is centered on the 20x20 canvas, occupying roughly 80-90% of it, with a small safe margin so nothing is clipped.  Background: the background must be a solid, flat, pure white (#FFFFFF) with nothing else in it, so the sprite can be cleanly cut out later.  Overall style: detailed, high-quality 2D pixel art in Terraria's visual language — crisp outlines, layered shading, subtle glow and highlights, clean readable silhouette, game-ready sprite."
104,Items/Armor/AbyssHelmet_Head.png,深渊头盔｜装备外观 头｜物品图标,20x16,"A detailed abyss helmet (melee) (深渊头盔). This is a helmet/head armor piece worn on the player character: front-facing, flat game-equip style with no drop shadow and no perspective, shaped to wrap the body part naturally, armored plating with glowing seams.  Visual style: deep teal and emerald abyss palette, bioluminescent green glow, dripping organic textures, slimy highlights, murky depth gradient. Rich 2D pixel-art shading with layered highlights, soft emissive glow, and fine edge detail.  Composition: the subject is centered on the 20x16 canvas, occupying roughly 80-90% of it, with a small safe margin so nothing is clipped.  Background: the background must be a solid, flat, pure white (#FFFFFF) with nothing else in it, so the sprite can be cleanly cut out later.  Overall style: detailed, high-quality 2D pixel art in Terraria's visual language — crisp outlines, layered shading, subtle glow and highlights, clean readable silhouette, game-ready sprite."
105,Items/Armor/AbyssBreastplate.png,深渊胸甲｜物品图标,20x20,"A detailed abyss breastplate (深渊胸甲). This is a game item icon viewed from a slight three-quarter angle: centered, crisp readable silhouette, clear material shading.  Visual style: deep teal and emerald abyss palette, bioluminescent green glow, dripping organic textures, slimy highlights, murky depth gradient. Rich 2D pixel-art shading with layered highlights, soft emissive glow, and fine edge detail.  Composition: the subject is centered on the 20x20 canvas, occupying roughly 80-90% of it, with a small safe margin so nothing is clipped.  Background: the background must be a solid, flat, pure white (#FFFFFF) with nothing else in it, so the sprite can be cleanly cut out later.  Overall style: detailed, high-quality 2D pixel art in Terraria's visual language — crisp outlines, layered shading, subtle glow and highlights, clean readable silhouette, game-ready sprite."
106,Items/Armor/AbyssBreastplate_Body.png,深渊胸甲｜装备外观 身｜物品图标,24x20,"A detailed abyss breastplate (深渊胸甲). This is a chest/body armor piece worn on the player character: front-facing, flat game-equip style with no drop shadow and no perspective, shaped to wrap the body part naturally, armored plating with glowing seams.  Visual style: deep teal and emerald abyss palette, bioluminescent green glow, dripping organic textures, slimy highlights, murky depth gradient. Rich 2D pixel-art shading with layered highlights, soft emissive glow, and fine edge detail.  Composition: the subject is centered on the 24x20 canvas, occupying roughly 80-90% of it, with a small safe margin so nothing is clipped.  Background: the background must be a solid, flat, pure white (#FFFFFF) with nothing else in it, so the sprite can be cleanly cut out later.  Overall style: detailed, high-quality 2D pixel art in Terraria's visual language — crisp outlines, layered shading, subtle glow and highlights, clean readable silhouette, game-ready sprite."
107,Items/Armor/AbyssLeggings.png,深渊护腿｜物品图标,20x20,"A detailed abyss leggings (深渊护腿). This is a game item icon viewed from a slight three-quarter angle: centered, crisp readable silhouette, clear material shading.  Visual style: deep teal and emerald abyss palette, bioluminescent green glow, dripping organic textures, slimy highlights, murky depth gradient. Rich 2D pixel-art shading with layered highlights, soft emissive glow, and fine edge detail.  Composition: the subject is centered on the 20x20 canvas, occupying roughly 80-90% of it, with a small safe margin so nothing is clipped.  Background: the background must be a solid, flat, pure white (#FFFFFF) with nothing else in it, so the sprite can be cleanly cut out later.  Overall style: detailed, high-quality 2D pixel art in Terraria's visual language — crisp outlines, layered shading, subtle glow and highlights, clean readable silhouette, game-ready sprite."
108,Items/Armor/AbyssLeggings_Legs.png,深渊护腿｜装备外观 腿｜物品图标,20x16,"A detailed abyss leggings (深渊护腿). This is a legs/pants armor piece worn on the player character: front-facing, flat game-equip style with no drop shadow and no perspective, shaped to wrap the body part naturally, armored plating with glowing seams.  Visual style: deep teal and emerald abyss palette, bioluminescent green glow, dripping organic textures, slimy highlights, murky depth gradient. Rich 2D pixel-art shading with layered highlights, soft emissive glow, and fine edge detail.  Composition: the subject is centered on the 20x16 canvas, occupying roughly 80-90% of it, with a small safe margin so nothing is clipped.  Background: the background must be a solid, flat, pure white (#FFFFFF) with nothing else in it, so the sprite can be cleanly cut out later.  Overall style: detailed, high-quality 2D pixel art in Terraria's visual language — crisp outlines, layered shading, subtle glow and highlights, clean readable silhouette, game-ready sprite."
109,Items/Armor/VoidLordHelmet.png,归墟头盔｜物品图标,20x20,"A detailed void lord helmet (melee) (归墟头盔). This is a game item icon viewed from a slight three-quarter angle: centered, crisp readable silhouette, clear material shading.  Visual style: dark violet and gold palette, ominous void-lord aura, faint gold filigree, pulsing purple energy core, regal menace. Rich 2D pixel-art shading with layered highlights, soft emissive glow, and fine edge detail.  Composition: the subject is centered on the 20x20 canvas, occupying roughly 80-90% of it, with a small safe margin so nothing is clipped.  Background: the background must be a solid, flat, pure white (#FFFFFF) with nothing else in it, so the sprite can be cleanly cut out later.  Overall style: detailed, high-quality 2D pixel art in Terraria's visual language — crisp outlines, layered shading, subtle glow and highlights, clean readable silhouette, game-ready sprite."
110,Items/Armor/VoidLordHelmet_Head.png,归墟头盔｜装备外观 头｜物品图标,20x16,"A detailed void lord helmet (melee) (归墟头盔). This is a helmet/head armor piece worn on the player character: front-facing, flat game-equip style with no drop shadow and no perspective, shaped to wrap the body part naturally, armored plating with glowing seams.  Visual style: dark violet and gold palette, ominous void-lord aura, faint gold filigree, pulsing purple energy core, regal menace. Rich 2D pixel-art shading with layered highlights, soft emissive glow, and fine edge detail.  Composition: the subject is centered on the 20x16 canvas, occupying roughly 80-90% of it, with a small safe margin so nothing is clipped.  Background: the background must be a solid, flat, pure white (#FFFFFF) with nothing else in it, so the sprite can be cleanly cut out later.  Overall style: detailed, high-quality 2D pixel art in Terraria's visual language — crisp outlines, layered shading, subtle glow and highlights, clean readable silhouette, game-ready sprite."
111,Items/Armor/VoidLordBreastplate.png,归墟胸甲｜物品图标,20x20,"A detailed void lord breastplate (归墟胸甲). This is a game item icon viewed from a slight three-quarter angle: centered, crisp readable silhouette, clear material shading.  Visual style: dark violet and gold palette, ominous void-lord aura, faint gold filigree, pulsing purple energy core, regal menace. Rich 2D pixel-art shading with layered highlights, soft emissive glow, and fine edge detail.  Composition: the subject is centered on the 20x20 canvas, occupying roughly 80-90% of it, with a small safe margin so nothing is clipped.  Background: the background must be a solid, flat, pure white (#FFFFFF) with nothing else in it, so the sprite can be cleanly cut out later.  Overall style: detailed, high-quality 2D pixel art in Terraria's visual language — crisp outlines, layered shading, subtle glow and highlights, clean readable silhouette, game-ready sprite."
112,Items/Armor/VoidLordBreastplate_Body.png,归墟胸甲｜装备外观 身｜物品图标,24x20,"A detailed void lord breastplate (归墟胸甲). This is a chest/body armor piece worn on the player character: front-facing, flat game-equip style with no drop shadow and no perspective, shaped to wrap the body part naturally, armored plating with glowing seams.  Visual style: dark violet and gold palette, ominous void-lord aura, faint gold filigree, pulsing purple energy core, regal menace. Rich 2D pixel-art shading with layered highlights, soft emissive glow, and fine edge detail.  Composition: the subject is centered on the 24x20 canvas, occupying roughly 80-90% of it, with a small safe margin so nothing is clipped.  Background: the background must be a solid, flat, pure white (#FFFFFF) with nothing else in it, so the sprite can be cleanly cut out later.  Overall style: detailed, high-quality 2D pixel art in Terraria's visual language — crisp outlines, layered shading, subtle glow and highlights, clean readable silhouette, game-ready sprite."
113,Items/Armor/VoidLordLeggings.png,归墟护腿｜物品图标,20x20,"A detailed void lord leggings (归墟护腿). This is a game item icon viewed from a slight three-quarter angle: centered, crisp readable silhouette, clear material shading.  Visual style: dark violet and gold palette, ominous void-lord aura, faint gold filigree, pulsing purple energy core, regal menace. Rich 2D pixel-art shading with layered highlights, soft emissive glow, and fine edge detail.  Composition: the subject is centered on the 20x20 canvas, occupying roughly 80-90% of it, with a small safe margin so nothing is clipped.  Background: the background must be a solid, flat, pure white (#FFFFFF) with nothing else in it, so the sprite can be cleanly cut out later.  Overall style: detailed, high-quality 2D pixel art in Terraria's visual language — crisp outlines, layered shading, subtle glow and highlights, clean readable silhouette, game-ready sprite."
114,Items/Armor/VoidLordLeggings_Legs.png,归墟护腿｜装备外观 腿｜物品图标,20x16,"A detailed void lord leggings (归墟护腿). This is a legs/pants armor piece worn on the player character: front-facing, flat game-equip style with no drop shadow and no perspective, shaped to wrap the body part naturally, armored plating with glowing seams.  Visual style: dark violet and gold palette, ominous void-lord aura, faint gold filigree, pulsing purple energy core, regal menace. Rich 2D pixel-art shading with layered highlights, soft emissive glow, and fine edge detail.  Composition: the subject is centered on the 20x16 canvas, occupying roughly 80-90% of it, with a small safe margin so nothing is clipped.  Background: the background must be a solid, flat, pure white (#FFFFFF) with nothing else in it, so the sprite can be cleanly cut out later.  Overall style: detailed, high-quality 2D pixel art in Terraria's visual language — crisp outlines, layered shading, subtle glow and highlights, clean readable silhouette, game-ready sprite."
115,Items/Weapons/AbyssGreatsword.png,深渊巨剑｜物品图标,48x48,"A detailed abyss greatsword (深渊巨剑). This is a weapon/tool game icon drawn at a slight diagonal: sharp silhouette, metallic edges, glowing energy core or blade edge, readable shape at a glance, centered.  Visual style: deep teal and emerald abyss palette, bioluminescent green glow, dripping organic textures, slimy highlights, murky depth gradient. Rich 2D pixel-art shading with layered highlights, soft emissive glow, and fine edge detail.  Composition: the subject is centered on the 48x48 canvas, occupying roughly 80-90% of it, with a small safe margin so nothing is clipped.  Background: the background must be a solid, flat, pure white (#FFFFFF) with nothing else in it, so the sprite can be cleanly cut out later.  Overall style: detailed, high-quality 2D pixel art in Terraria's visual language — crisp outlines, layered shading, subtle glow and highlights, clean readable silhouette, game-ready sprite."
116,Items/Weapons/AbyssCannon.png,深渊炮｜物品图标,44x44,"A detailed abyss cannon (深渊炮). This is a weapon/tool game icon drawn at a slight diagonal: sharp silhouette, metallic edges, glowing energy core or blade edge, readable shape at a glance, centered.  Visual style: deep teal and emerald abyss palette, bioluminescent green glow, dripping organic textures, slimy highlights, murky depth gradient. Rich 2D pixel-art shading with layered highlights, soft emissive glow, and fine edge detail.  Composition: the subject is centered on the 44x44 canvas, occupying roughly 80-90% of it, with a small safe margin so nothing is clipped.  Background: the background must be a solid, flat, pure white (#FFFFFF) with nothing else in it, so the sprite can be cleanly cut out later.  Overall style: detailed, high-quality 2D pixel art in Terraria's visual language — crisp outlines, layered shading, subtle glow and highlights, clean readable silhouette, game-ready sprite."
117,Items/Weapons/AbyssCannon_Held.png,深渊炮｜手持贴图｜物品图标,44x44,"A detailed abyss cannon (深渊炮). This is the held-in-hand sprite of the weapon/staff, gripped at a natural angle, grip end clearly defined, business end pointing outward with a small energy glow.  Visual style: deep teal and emerald abyss palette, bioluminescent green glow, dripping organic textures, slimy highlights, murky depth gradient. Rich 2D pixel-art shading with layered highlights, soft emissive glow, and fine edge detail.  Composition: the subject is centered on the 44x44 canvas, occupying roughly 80-90% of it, with a small safe margin so nothing is clipped.  Background: the background must be a solid, flat, pure white (#FFFFFF) with nothing else in it, so the sprite can be cleanly cut out later.  Overall style: detailed, high-quality 2D pixel art in Terraria's visual language — crisp outlines, layered shading, subtle glow and highlights, clean readable silhouette, game-ready sprite."
118,Items/Weapons/AbyssTome.png,深渊魔典｜物品图标,40x40,"A detailed abyss spell tome (深渊魔典). This is a weapon/tool game icon drawn at a slight diagonal: sharp silhouette, metallic edges, glowing energy core or blade edge, readable shape at a glance, centered.  Visual style: deep teal and emerald abyss palette, bioluminescent green glow, dripping organic textures, slimy highlights, murky depth gradient. Rich 2D pixel-art shading with layered highlights, soft emissive glow, and fine edge detail.  Composition: the subject is centered on the 40x40 canvas, occupying roughly 80-90% of it, with a small safe margin so nothing is clipped.  Background: the background must be a solid, flat, pure white (#FFFFFF) with nothing else in it, so the sprite can be cleanly cut out later.  Overall style: detailed, high-quality 2D pixel art in Terraria's visual language — crisp outlines, layered shading, subtle glow and highlights, clean readable silhouette, game-ready sprite."
119,Items/Weapons/AbyssTome_Held.png,深渊魔典｜手持贴图｜物品图标,40x40,"A detailed abyss spell tome (深渊魔典). This is the held-in-hand sprite of the weapon/staff, gripped at a natural angle, grip end clearly defined, business end pointing outward with a small energy glow.  Visual style: deep teal and emerald abyss palette, bioluminescent green glow, dripping organic textures, slimy highlights, murky depth gradient. Rich 2D pixel-art shading with layered highlights, soft emissive glow, and fine edge detail.  Composition: the subject is centered on the 40x40 canvas, occupying roughly 80-90% of it, with a small safe margin so nothing is clipped.  Background: the background must be a solid, flat, pure white (#FFFFFF) with nothing else in it, so the sprite can be cleanly cut out later.  Overall style: detailed, high-quality 2D pixel art in Terraria's visual language — crisp outlines, layered shading, subtle glow and highlights, clean readable silhouette, game-ready sprite."
120,Items/Weapons/AbyssGuardStaff.png,深渊守卫法杖｜物品图标,40x40,"A detailed abyss guardian staff (深渊守卫法杖). This is a weapon/tool game icon drawn at a slight diagonal: sharp silhouette, metallic edges, glowing energy core or blade edge, readable shape at a glance, centered.  Visual style: deep teal and emerald abyss palette, bioluminescent green glow, dripping organic textures, slimy highlights, murky depth gradient. Rich 2D pixel-art shading with layered highlights, soft emissive glow, and fine edge detail.  Composition: the subject is centered on the 40x40 canvas, occupying roughly 80-90% of it, with a small safe margin so nothing is clipped.  Background: the background must be a solid, flat, pure white (#FFFFFF) with nothing else in it, so the sprite can be cleanly cut out later.  Overall style: detailed, high-quality 2D pixel art in Terraria's visual language — crisp outlines, layered shading, subtle glow and highlights, clean readable silhouette, game-ready sprite."
121,Items/Weapons/AbyssGuardStaff_Held.png,深渊守卫法杖｜手持贴图｜物品图标,40x40,"A detailed abyss guardian staff (深渊守卫法杖). This is the held-in-hand sprite of the weapon/staff, gripped at a natural angle, grip end clearly defined, business end pointing outward with a small energy glow.  Visual style: deep teal and emerald abyss palette, bioluminescent green glow, dripping organic textures, slimy highlights, murky depth gradient. Rich 2D pixel-art shading with layered highlights, soft emissive glow, and fine edge detail.  Composition: the subject is centered on the 40x40 canvas, occupying roughly 80-90% of it, with a small safe margin so nothing is clipped.  Background: the background must be a solid, flat, pure white (#FFFFFF) with nothing else in it, so the sprite can be cleanly cut out later.  Overall style: detailed, high-quality 2D pixel art in Terraria's visual language — crisp outlines, layered shading, subtle glow and highlights, clean readable silhouette, game-ready sprite."
122,Items/Weapons/VoidLordSlash.png,归墟裂斩｜物品图标,52x52,"A detailed void lord slash blade (归墟裂斩). This is a weapon/tool game icon drawn at a slight diagonal: sharp silhouette, metallic edges, glowing energy core or blade edge, readable shape at a glance, centered.  Visual style: dark violet and gold palette, ominous void-lord aura, faint gold filigree, pulsing purple energy core, regal menace. Rich 2D pixel-art shading with layered highlights, soft emissive glow, and fine edge detail.  Composition: the subject is centered on the 52x52 canvas, occupying roughly 80-90% of it, with a small safe margin so nothing is clipped.  Background: the background must be a solid, flat, pure white (#FFFFFF) with nothing else in it, so the sprite can be cleanly cut out later.  Overall style: detailed, high-quality 2D pixel art in Terraria's visual language — crisp outlines, layered shading, subtle glow and highlights, clean readable silhouette, game-ready sprite."
123,Items/Weapons/VoidLordPiercer.png,归墟贯穿者｜物品图标,46x46,"A detailed void lord piercer rifle (归墟贯穿者). This is a weapon/tool game icon drawn at a slight diagonal: sharp silhouette, metallic edges, glowing energy core or blade edge, readable shape at a glance, centered.  Visual style: dark violet and gold palette, ominous void-lord aura, faint gold filigree, pulsing purple energy core, regal menace. Rich 2D pixel-art shading with layered highlights, soft emissive glow, and fine edge detail.  Composition: the subject is centered on the 46x46 canvas, occupying roughly 80-90% of it, with a small safe margin so nothing is clipped.  Background: the background must be a solid, flat, pure white (#FFFFFF) with nothing else in it, so the sprite can be cleanly cut out later.  Overall style: detailed, high-quality 2D pixel art in Terraria's visual language — crisp outlines, layered shading, subtle glow and highlights, clean readable silhouette, game-ready sprite."
124,Items/Weapons/VoidLordPiercer_Held.png,归墟贯穿者｜手持贴图｜物品图标,46x46,"A detailed void lord piercer rifle (归墟贯穿者). This is the held-in-hand sprite of the weapon/staff, gripped at a natural angle, grip end clearly defined, business end pointing outward with a small energy glow.  Visual style: dark violet and gold palette, ominous void-lord aura, faint gold filigree, pulsing purple energy core, regal menace. Rich 2D pixel-art shading with layered highlights, soft emissive glow, and fine edge detail.  Composition: the subject is centered on the 46x46 canvas, occupying roughly 80-90% of it, with a small safe margin so nothing is clipped.  Background: the background must be a solid, flat, pure white (#FFFFFF) with nothing else in it, so the sprite can be cleanly cut out later.  Overall style: detailed, high-quality 2D pixel art in Terraria's visual language — crisp outlines, layered shading, subtle glow and highlights, clean readable silhouette, game-ready sprite."
125,Items/Weapons/VoidLordEye.png,归墟之眼｜物品图标,40x40,"A detailed void lord eye staff (归墟之眼). This is a weapon/tool game icon drawn at a slight diagonal: sharp silhouette, metallic edges, glowing energy core or blade edge, readable shape at a glance, centered.  Visual style: dark violet and gold palette, ominous void-lord aura, faint gold filigree, pulsing purple energy core, regal menace. Rich 2D pixel-art shading with layered highlights, soft emissive glow, and fine edge detail.  Composition: the subject is centered on the 40x40 canvas, occupying roughly 80-90% of it, with a small safe margin so nothing is clipped.  Background: the background must be a solid, flat, pure white (#FFFFFF) with nothing else in it, so the sprite can be cleanly cut out later.  Overall style: detailed, high-quality 2D pixel art in Terraria's visual language — crisp outlines, layered shading, subtle glow and highlights, clean readable silhouette, game-ready sprite."
126,Items/Weapons/VoidLordEye_Held.png,归墟之眼｜手持贴图｜物品图标,40x40,"A detailed void lord eye staff (归墟之眼). This is the held-in-hand sprite of the weapon/staff, gripped at a natural angle, grip end clearly defined, business end pointing outward with a small energy glow.  Visual style: dark violet and gold palette, ominous void-lord aura, faint gold filigree, pulsing purple energy core, regal menace. Rich 2D pixel-art shading with layered highlights, soft emissive glow, and fine edge detail.  Composition: the subject is centered on the 40x40 canvas, occupying roughly 80-90% of it, with a small safe margin so nothing is clipped.  Background: the background must be a solid, flat, pure white (#FFFFFF) with nothing else in it, so the sprite can be cleanly cut out later.  Overall style: detailed, high-quality 2D pixel art in Terraria's visual language — crisp outlines, layered shading, subtle glow and highlights, clean readable silhouette, game-ready sprite."
127,Items/Weapons/VoidLordWatcherStaff.png,归墟监视者法杖｜物品图标,40x40,"A detailed void lord watcher staff (归墟监视者法杖). This is a weapon/tool game icon drawn at a slight diagonal: sharp silhouette, metallic edges, glowing energy core or blade edge, readable shape at a glance, centered.  Visual style: dark violet and gold palette, ominous void-lord aura, faint gold filigree, pulsing purple energy core, regal menace. Rich 2D pixel-art shading with layered highlights, soft emissive glow, and fine edge detail.  Composition: the subject is centered on the 40x40 canvas, occupying roughly 80-90% of it, with a small safe margin so nothing is clipped.  Background: the background must be a solid, flat, pure white (#FFFFFF) with nothing else in it, so the sprite can be cleanly cut out later.  Overall style: detailed, high-quality 2D pixel art in Terraria's visual language — crisp outlines, layered shading, subtle glow and highlights, clean readable silhouette, game-ready sprite."
128,Items/Weapons/VoidLordWatcherStaff_Held.png,归墟监视者法杖｜手持贴图｜物品图标,40x40,"A detailed void lord watcher staff (归墟监视者法杖). This is the held-in-hand sprite of the weapon/staff, gripped at a natural angle, grip end clearly defined, business end pointing outward with a small energy glow.  Visual style: dark violet and gold palette, ominous void-lord aura, faint gold filigree, pulsing purple energy core, regal menace. Rich 2D pixel-art shading with layered highlights, soft emissive glow, and fine edge detail.  Composition: the subject is centered on the 40x40 canvas, occupying roughly 80-90% of it, with a small safe margin so nothing is clipped.  Background: the background must be a solid, flat, pure white (#FFFFFF) with nothing else in it, so the sprite can be cleanly cut out later.  Overall style: detailed, high-quality 2D pixel art in Terraria's visual language — crisp outlines, layered shading, subtle glow and highlights, clean readable silhouette, game-ready sprite."
129,Buffs/AbyssGuardBuff.png,深渊守卫｜增益/减益图标,32x32,"A detailed abyss guardian buff icon (深渊守卫). This is a square status-icon: one bold symbolic shape (eye, claw, wisp, orb, flame), simple and readable at small size, subtle inner glow and dark vignette.  Visual style: deep teal and emerald abyss palette, bioluminescent green glow, dripping organic textures, slimy highlights, murky depth gradient. Rich 2D pixel-art shading with layered highlights, soft emissive glow, and fine edge detail.  Composition: the subject is centered on the 32x32 canvas, occupying roughly 80-90% of it, with a small safe margin so nothing is clipped.  Background: the background must be a solid, flat, pure white (#FFFFFF) with nothing else in it, so the sprite can be cleanly cut out later.  Overall style: detailed, high-quality 2D pixel art in Terraria's visual language — crisp outlines, layered shading, subtle glow and highlights, clean readable silhouette, game-ready sprite."
130,Buffs/VoidLordWatcherBuff.png,归墟监视者｜增益/减益图标,32x32,"A detailed void lord watcher buff icon (归墟监视者). This is a square status-icon: one bold symbolic shape (eye, claw, wisp, orb, flame), simple and readable at small size, subtle inner glow and dark vignette.  Visual style: dark violet and gold palette, ominous void-lord aura, faint gold filigree, pulsing purple energy core, regal menace. Rich 2D pixel-art shading with layered highlights, soft emissive glow, and fine edge detail.  Composition: the subject is centered on the 32x32 canvas, occupying roughly 80-90% of it, with a small safe margin so nothing is clipped.  Background: the background must be a solid, flat, pure white (#FFFFFF) with nothing else in it, so the sprite can be cleanly cut out later.  Overall style: detailed, high-quality 2D pixel art in Terraria's visual language — crisp outlines, layered shading, subtle glow and highlights, clean readable silhouette, game-ready sprite."
131,Buffs/VoidCorrupt.png,虚空腐蚀｜增益/减益图标,32x32,"A detailed void corruption debuff icon (虚空腐蚀). This is a square status-icon: one bold symbolic shape (eye, claw, wisp, orb, flame), simple and readable at small size, subtle inner glow and dark vignette.  Visual style: dark black-purple cosmic void palette, glowing violet runes, swirling star dust, soft purple rim light, deep empty-space gradient. Rich 2D pixel-art shading with layered highlights, soft emissive glow, and fine edge detail.  Composition: the subject is centered on the 32x32 canvas, occupying roughly 80-90% of it, with a small safe margin so nothing is clipped.  Background: the background must be a solid, flat, pure white (#FFFFFF) with nothing else in it, so the sprite can be cleanly cut out later.  Overall style: detailed, high-quality 2D pixel art in Terraria's visual language — crisp outlines, layered shading, subtle glow and highlights, clean readable silhouette, game-ready sprite."
132,Projectiles/AbyssSlashBeam.png,深渊剑气｜弹幕,18x18,"A detailed abyss slash beam (深渊剑气). This is a flying projectile drawn mid-motion: it looks fast and alive — streaking motion lines, a glowing energy trail behind it, and small spark/particle embers radiating off its surface, conveying speed and direction.  Visual style: deep teal and emerald abyss palette, bioluminescent green glow, dripping organic textures, slimy highlights, murky depth gradient. Rich 2D pixel-art shading with layered highlights, soft emissive glow, and fine edge detail.  Composition: the subject is centered on the 18x18 canvas, occupying roughly 80-90% of it, with a small safe margin so nothing is clipped.  Background: the background must be a solid, flat, pure white (#FFFFFF) with nothing else in it, so the sprite can be cleanly cut out later.  Overall style: detailed, high-quality 2D pixel art in Terraria's visual language — crisp outlines, layered shading, subtle glow and highlights, clean readable silhouette, game-ready sprite."
133,Projectiles/VoidLordSlashBeam.png,归墟裂斩剑气｜弹幕,34x34,"A detailed void lord slash beam (归墟裂斩剑气). This is a flying projectile drawn mid-motion: it looks fast and alive — streaking motion lines, a glowing energy trail behind it, and small spark/particle embers radiating off its surface, conveying speed and direction.  Visual style: dark violet and gold palette, ominous void-lord aura, faint gold filigree, pulsing purple energy core, regal menace. Rich 2D pixel-art shading with layered highlights, soft emissive glow, and fine edge detail.  Composition: the subject is centered on the 34x34 canvas, occupying roughly 80-90% of it, with a small safe margin so nothing is clipped.  Background: the background must be a solid, flat, pure white (#FFFFFF) with nothing else in it, so the sprite can be cleanly cut out later.  Overall style: detailed, high-quality 2D pixel art in Terraria's visual language — crisp outlines, layered shading, subtle glow and highlights, clean readable silhouette, game-ready sprite."
134,Items/Weapons/AbyssWhip.png,深渊鞭｜物品图标,40x40,"A detailed abyss whip (深渊鞭). This is a weapon/tool game icon drawn at a slight diagonal: sharp silhouette, metallic edges, glowing energy core or blade edge, readable shape at a glance, centered.  Visual style: deep teal and emerald abyss palette, bioluminescent green glow, dripping organic textures, slimy highlights, murky depth gradient. Rich 2D pixel-art shading with layered highlights, soft emissive glow, and fine edge detail.  Composition: the subject is centered on the 40x40 canvas, occupying roughly 80-90% of it, with a small safe margin so nothing is clipped.  Background: the background must be a solid, flat, pure white (#FFFFFF) with nothing else in it, so the sprite can be cleanly cut out later.  Overall style: detailed, high-quality 2D pixel art in Terraria's visual language — crisp outlines, layered shading, subtle glow and highlights, clean readable silhouette, game-ready sprite."
135,Items/Weapons/VoidLordWhip.png,归墟鞭｜物品图标,40x40,"A detailed void lord whip (归墟鞭). This is a weapon/tool game icon drawn at a slight diagonal: sharp silhouette, metallic edges, glowing energy core or blade edge, readable shape at a glance, centered.  Visual style: dark violet and gold palette, ominous void-lord aura, faint gold filigree, pulsing purple energy core, regal menace. Rich 2D pixel-art shading with layered highlights, soft emissive glow, and fine edge detail.  Composition: the subject is centered on the 40x40 canvas, occupying roughly 80-90% of it, with a small safe margin so nothing is clipped.  Background: the background must be a solid, flat, pure white (#FFFFFF) with nothing else in it, so the sprite can be cleanly cut out later.  Overall style: detailed, high-quality 2D pixel art in Terraria's visual language — crisp outlines, layered shading, subtle glow and highlights, clean readable silhouette, game-ready sprite."
136,Projectiles/AbyssWhipProjectile.png,深渊鞭｜弹幕,28x28,"A detailed abyss whip (深渊鞭). This is a flying projectile drawn mid-motion: it looks fast and alive — streaking motion lines, a glowing energy trail behind it, and small spark/particle embers radiating off its surface, conveying speed and direction.  Visual style: deep teal and emerald abyss palette, bioluminescent green glow, dripping organic textures, slimy highlights, murky depth gradient. Rich 2D pixel-art shading with layered highlights, soft emissive glow, and fine edge detail.  Composition: the subject is centered on the 28x28 canvas, occupying roughly 80-90% of it, with a small safe margin so nothing is clipped.  Background: the background must be a solid, flat, pure white (#FFFFFF) with nothing else in it, so the sprite can be cleanly cut out later.  Overall style: detailed, high-quality 2D pixel art in Terraria's visual language — crisp outlines, layered shading, subtle glow and highlights, clean readable silhouette, game-ready sprite."
137,Projectiles/VoidLordWhipProjectile.png,归墟鞭｜弹幕,28x28,"A detailed void lord whip (归墟鞭). This is a flying projectile drawn mid-motion: it looks fast and alive — streaking motion lines, a glowing energy trail behind it, and small spark/particle embers radiating off its surface, conveying speed and direction.  Visual style: dark violet and gold palette, ominous void-lord aura, faint gold filigree, pulsing purple energy core, regal menace. Rich 2D pixel-art shading with layered highlights, soft emissive glow, and fine edge detail.  Composition: the subject is centered on the 28x28 canvas, occupying roughly 80-90% of it, with a small safe margin so nothing is clipped.  Background: the background must be a solid, flat, pure white (#FFFFFF) with nothing else in it, so the sprite can be cleanly cut out later.  Overall style: detailed, high-quality 2D pixel art in Terraria's visual language — crisp outlines, layered shading, subtle glow and highlights, clean readable silhouette, game-ready sprite."
138,Items/Tools/AbyssPickaxe.png,深渊镐｜物品图标,40x40,"A detailed abyss pickaxe (深渊镐). This is a weapon/tool game icon drawn at a slight diagonal: sharp silhouette, metallic edges, glowing energy core or blade edge, readable shape at a glance, centered.  Visual style: deep teal and emerald abyss palette, bioluminescent green glow, dripping organic textures, slimy highlights, murky depth gradient. Rich 2D pixel-art shading with layered highlights, soft emissive glow, and fine edge detail.  Composition: the subject is centered on the 40x40 canvas, occupying roughly 80-90% of it, with a small safe margin so nothing is clipped.  Background: the background must be a solid, flat, pure white (#FFFFFF) with nothing else in it, so the sprite can be cleanly cut out later.  Overall style: detailed, high-quality 2D pixel art in Terraria's visual language — crisp outlines, layered shading, subtle glow and highlights, clean readable silhouette, game-ready sprite."
139,Items/Tools/AbyssAxe.png,深渊斧｜物品图标,40x40,"A detailed abyss axe (深渊斧). This is a weapon/tool game icon drawn at a slight diagonal: sharp silhouette, metallic edges, glowing energy core or blade edge, readable shape at a glance, centered.  Visual style: deep teal and emerald abyss palette, bioluminescent green glow, dripping organic textures, slimy highlights, murky depth gradient. Rich 2D pixel-art shading with layered highlights, soft emissive glow, and fine edge detail.  Composition: the subject is centered on the 40x40 canvas, occupying roughly 80-90% of it, with a small safe margin so nothing is clipped.  Background: the background must be a solid, flat, pure white (#FFFFFF) with nothing else in it, so the sprite can be cleanly cut out later.  Overall style: detailed, high-quality 2D pixel art in Terraria's visual language — crisp outlines, layered shading, subtle glow and highlights, clean readable silhouette, game-ready sprite."
140,Items/Tools/AbyssHammer.png,深渊锤｜物品图标,40x40,"A detailed abyss hammer (深渊锤). This is a weapon/tool game icon drawn at a slight diagonal: sharp silhouette, metallic edges, glowing energy core or blade edge, readable shape at a glance, centered.  Visual style: deep teal and emerald abyss palette, bioluminescent green glow, dripping organic textures, slimy highlights, murky depth gradient. Rich 2D pixel-art shading with layered highlights, soft emissive glow, and fine edge detail.  Composition: the subject is centered on the 40x40 canvas, occupying roughly 80-90% of it, with a small safe margin so nothing is clipped.  Background: the background must be a solid, flat, pure white (#FFFFFF) with nothing else in it, so the sprite can be cleanly cut out later.  Overall style: detailed, high-quality 2D pixel art in Terraria's visual language — crisp outlines, layered shading, subtle glow and highlights, clean readable silhouette, game-ready sprite."
141,Items/Tools/VoidLordPickaxe.png,归墟镐｜物品图标,40x40,"A detailed void lord pickaxe (归墟镐). This is a weapon/tool game icon drawn at a slight diagonal: sharp silhouette, metallic edges, glowing energy core or blade edge, readable shape at a glance, centered.  Visual style: dark violet and gold palette, ominous void-lord aura, faint gold filigree, pulsing purple energy core, regal menace. Rich 2D pixel-art shading with layered highlights, soft emissive glow, and fine edge detail.  Composition: the subject is centered on the 40x40 canvas, occupying roughly 80-90% of it, with a small safe margin so nothing is clipped.  Background: the background must be a solid, flat, pure white (#FFFFFF) with nothing else in it, so the sprite can be cleanly cut out later.  Overall style: detailed, high-quality 2D pixel art in Terraria's visual language — crisp outlines, layered shading, subtle glow and highlights, clean readable silhouette, game-ready sprite."
142,Items/Tools/VoidLordAxe.png,归墟斧｜物品图标,40x40,"A detailed void lord axe (归墟斧). This is a weapon/tool game icon drawn at a slight diagonal: sharp silhouette, metallic edges, glowing energy core or blade edge, readable shape at a glance, centered.  Visual style: dark violet and gold palette, ominous void-lord aura, faint gold filigree, pulsing purple energy core, regal menace. Rich 2D pixel-art shading with layered highlights, soft emissive glow, and fine edge detail.  Composition: the subject is centered on the 40x40 canvas, occupying roughly 80-90% of it, with a small safe margin so nothing is clipped.  Background: the background must be a solid, flat, pure white (#FFFFFF) with nothing else in it, so the sprite can be cleanly cut out later.  Overall style: detailed, high-quality 2D pixel art in Terraria's visual language — crisp outlines, layered shading, subtle glow and highlights, clean readable silhouette, game-ready sprite."
143,Items/Tools/VoidLordHammer.png,归墟锤｜物品图标,40x40,"A detailed void lord hammer (归墟锤). This is a weapon/tool game icon drawn at a slight diagonal: sharp silhouette, metallic edges, glowing energy core or blade edge, readable shape at a glance, centered.  Visual style: dark violet and gold palette, ominous void-lord aura, faint gold filigree, pulsing purple energy core, regal menace. Rich 2D pixel-art shading with layered highlights, soft emissive glow, and fine edge detail.  Composition: the subject is centered on the 40x40 canvas, occupying roughly 80-90% of it, with a small safe margin so nothing is clipped.  Background: the background must be a solid, flat, pure white (#FFFFFF) with nothing else in it, so the sprite can be cleanly cut out later.  Overall style: detailed, high-quality 2D pixel art in Terraria's visual language — crisp outlines, layered shading, subtle glow and highlights, clean readable silhouette, game-ready sprite."
144,Items/Armor/AbyssHood.png,深渊兜帽｜物品图标,20x20,"A detailed abyss hood (mage) (深渊兜帽). This is a game item icon viewed from a slight three-quarter angle: centered, crisp readable silhouette, clear material shading.  Visual style: deep teal and emerald abyss palette, bioluminescent green glow, dripping organic textures, slimy highlights, murky depth gradient. Rich 2D pixel-art shading with layered highlights, soft emissive glow, and fine edge detail.  Composition: the subject is centered on the 20x20 canvas, occupying roughly 80-90% of it, with a small safe margin so nothing is clipped.  Background: the background must be a solid, flat, pure white (#FFFFFF) with nothing else in it, so the sprite can be cleanly cut out later.  Overall style: detailed, high-quality 2D pixel art in Terraria's visual language — crisp outlines, layered shading, subtle glow and highlights, clean readable silhouette, game-ready sprite."
145,Items/Armor/AbyssHood_Head.png,深渊兜帽｜装备外观 头｜物品图标,20x16,"A detailed abyss hood (mage) (深渊兜帽). This is a helmet/head armor piece worn on the player character: front-facing, flat game-equip style with no drop shadow and no perspective, shaped to wrap the body part naturally, armored plating with glowing seams.  Visual style: deep teal and emerald abyss palette, bioluminescent green glow, dripping organic textures, slimy highlights, murky depth gradient. Rich 2D pixel-art shading with layered highlights, soft emissive glow, and fine edge detail.  Composition: the subject is centered on the 20x16 canvas, occupying roughly 80-90% of it, with a small safe margin so nothing is clipped.  Background: the background must be a solid, flat, pure white (#FFFFFF) with nothing else in it, so the sprite can be cleanly cut out later.  Overall style: detailed, high-quality 2D pixel art in Terraria's visual language — crisp outlines, layered shading, subtle glow and highlights, clean readable silhouette, game-ready sprite."
146,Items/Armor/AbyssMask.png,深渊面具｜物品图标,20x20,"A detailed abyss mask (ranger) (深渊面具). This is a game item icon viewed from a slight three-quarter angle: centered, crisp readable silhouette, clear material shading.  Visual style: deep teal and emerald abyss palette, bioluminescent green glow, dripping organic textures, slimy highlights, murky depth gradient. Rich 2D pixel-art shading with layered highlights, soft emissive glow, and fine edge detail.  Composition: the subject is centered on the 20x20 canvas, occupying roughly 80-90% of it, with a small safe margin so nothing is clipped.  Background: the background must be a solid, flat, pure white (#FFFFFF) with nothing else in it, so the sprite can be cleanly cut out later.  Overall style: detailed, high-quality 2D pixel art in Terraria's visual language — crisp outlines, layered shading, subtle glow and highlights, clean readable silhouette, game-ready sprite."
147,Items/Armor/AbyssMask_Head.png,深渊面具｜装备外观 头｜物品图标,20x16,"A detailed abyss mask (ranger) (深渊面具). This is a helmet/head armor piece worn on the player character: front-facing, flat game-equip style with no drop shadow and no perspective, shaped to wrap the body part naturally, armored plating with glowing seams.  Visual style: deep teal and emerald abyss palette, bioluminescent green glow, dripping organic textures, slimy highlights, murky depth gradient. Rich 2D pixel-art shading with layered highlights, soft emissive glow, and fine edge detail.  Composition: the subject is centered on the 20x16 canvas, occupying roughly 80-90% of it, with a small safe margin so nothing is clipped.  Background: the background must be a solid, flat, pure white (#FFFFFF) with nothing else in it, so the sprite can be cleanly cut out later.  Overall style: detailed, high-quality 2D pixel art in Terraria's visual language — crisp outlines, layered shading, subtle glow and highlights, clean readable silhouette, game-ready sprite."
148,Items/Armor/AbyssHeadgear.png,深渊头饰｜物品图标,20x20,"A detailed abyss headgear (summoner) (深渊头饰). This is a game item icon viewed from a slight three-quarter angle: centered, crisp readable silhouette, clear material shading.  Visual style: deep teal and emerald abyss palette, bioluminescent green glow, dripping organic textures, slimy highlights, murky depth gradient. Rich 2D pixel-art shading with layered highlights, soft emissive glow, and fine edge detail.  Composition: the subject is centered on the 20x20 canvas, occupying roughly 80-90% of it, with a small safe margin so nothing is clipped.  Background: the background must be a solid, flat, pure white (#FFFFFF) with nothing else in it, so the sprite can be cleanly cut out later.  Overall style: detailed, high-quality 2D pixel art in Terraria's visual language — crisp outlines, layered shading, subtle glow and highlights, clean readable silhouette, game-ready sprite."
149,Items/Armor/AbyssHeadgear_Head.png,深渊头饰｜装备外观 头｜物品图标,20x16,"A detailed abyss headgear (summoner) (深渊头饰). This is a helmet/head armor piece worn on the player character: front-facing, flat game-equip style with no drop shadow and no perspective, shaped to wrap the body part naturally, armored plating with glowing seams.  Visual style: deep teal and emerald abyss palette, bioluminescent green glow, dripping organic textures, slimy highlights, murky depth gradient. Rich 2D pixel-art shading with layered highlights, soft emissive glow, and fine edge detail.  Composition: the subject is centered on the 20x16 canvas, occupying roughly 80-90% of it, with a small safe margin so nothing is clipped.  Background: the background must be a solid, flat, pure white (#FFFFFF) with nothing else in it, so the sprite can be cleanly cut out later.  Overall style: detailed, high-quality 2D pixel art in Terraria's visual language — crisp outlines, layered shading, subtle glow and highlights, clean readable silhouette, game-ready sprite."
150,Items/Armor/VoidLordHood.png,归墟兜帽｜物品图标,20x20,"A detailed void lord hood (mage) (归墟兜帽). This is a game item icon viewed from a slight three-quarter angle: centered, crisp readable silhouette, clear material shading.  Visual style: dark violet and gold palette, ominous void-lord aura, faint gold filigree, pulsing purple energy core, regal menace. Rich 2D pixel-art shading with layered highlights, soft emissive glow, and fine edge detail.  Composition: the subject is centered on the 20x20 canvas, occupying roughly 80-90% of it, with a small safe margin so nothing is clipped.  Background: the background must be a solid, flat, pure white (#FFFFFF) with nothing else in it, so the sprite can be cleanly cut out later.  Overall style: detailed, high-quality 2D pixel art in Terraria's visual language — crisp outlines, layered shading, subtle glow and highlights, clean readable silhouette, game-ready sprite."
151,Items/Armor/VoidLordHood_Head.png,归墟兜帽｜装备外观 头｜物品图标,20x16,"A detailed void lord hood (mage) (归墟兜帽). This is a helmet/head armor piece worn on the player character: front-facing, flat game-equip style with no drop shadow and no perspective, shaped to wrap the body part naturally, armored plating with glowing seams.  Visual style: dark violet and gold palette, ominous void-lord aura, faint gold filigree, pulsing purple energy core, regal menace. Rich 2D pixel-art shading with layered highlights, soft emissive glow, and fine edge detail.  Composition: the subject is centered on the 20x16 canvas, occupying roughly 80-90% of it, with a small safe margin so nothing is clipped.  Background: the background must be a solid, flat, pure white (#FFFFFF) with nothing else in it, so the sprite can be cleanly cut out later.  Overall style: detailed, high-quality 2D pixel art in Terraria's visual language — crisp outlines, layered shading, subtle glow and highlights, clean readable silhouette, game-ready sprite."
152,Items/Armor/VoidLordMask.png,归墟面具｜物品图标,20x20,"A detailed void lord mask (ranger) (归墟面具). This is a game item icon viewed from a slight three-quarter angle: centered, crisp readable silhouette, clear material shading.  Visual style: dark violet and gold palette, ominous void-lord aura, faint gold filigree, pulsing purple energy core, regal menace. Rich 2D pixel-art shading with layered highlights, soft emissive glow, and fine edge detail.  Composition: the subject is centered on the 20x20 canvas, occupying roughly 80-90% of it, with a small safe margin so nothing is clipped.  Background: the background must be a solid, flat, pure white (#FFFFFF) with nothing else in it, so the sprite can be cleanly cut out later.  Overall style: detailed, high-quality 2D pixel art in Terraria's visual language — crisp outlines, layered shading, subtle glow and highlights, clean readable silhouette, game-ready sprite."
153,Items/Armor/VoidLordMask_Head.png,归墟面具｜装备外观 头｜物品图标,20x16,"A detailed void lord mask (ranger) (归墟面具). This is a helmet/head armor piece worn on the player character: front-facing, flat game-equip style with no drop shadow and no perspective, shaped to wrap the body part naturally, armored plating with glowing seams.  Visual style: dark violet and gold palette, ominous void-lord aura, faint gold filigree, pulsing purple energy core, regal menace. Rich 2D pixel-art shading with layered highlights, soft emissive glow, and fine edge detail.  Composition: the subject is centered on the 20x16 canvas, occupying roughly 80-90% of it, with a small safe margin so nothing is clipped.  Background: the background must be a solid, flat, pure white (#FFFFFF) with nothing else in it, so the sprite can be cleanly cut out later.  Overall style: detailed, high-quality 2D pixel art in Terraria's visual language — crisp outlines, layered shading, subtle glow and highlights, clean readable silhouette, game-ready sprite."
154,Items/Armor/VoidLordHeadgear.png,归墟头饰｜物品图标,20x20,"A detailed void lord headgear (summoner) (归墟头饰). This is a game item icon viewed from a slight three-quarter angle: centered, crisp readable silhouette, clear material shading.  Visual style: dark violet and gold palette, ominous void-lord aura, faint gold filigree, pulsing purple energy core, regal menace. Rich 2D pixel-art shading with layered highlights, soft emissive glow, and fine edge detail.  Composition: the subject is centered on the 20x20 canvas, occupying roughly 80-90% of it, with a small safe margin so nothing is clipped.  Background: the background must be a solid, flat, pure white (#FFFFFF) with nothing else in it, so the sprite can be cleanly cut out later.  Overall style: detailed, high-quality 2D pixel art in Terraria's visual language — crisp outlines, layered shading, subtle glow and highlights, clean readable silhouette, game-ready sprite."
155,Items/Armor/VoidLordHeadgear_Head.png,归墟头饰｜装备外观 头｜物品图标,20x16,"A detailed void lord headgear (summoner) (归墟头饰). This is a helmet/head armor piece worn on the player character: front-facing, flat game-equip style with no drop shadow and no perspective, shaped to wrap the body part naturally, armored plating with glowing seams.  Visual style: dark violet and gold palette, ominous void-lord aura, faint gold filigree, pulsing purple energy core, regal menace. Rich 2D pixel-art shading with layered highlights, soft emissive glow, and fine edge detail.  Composition: the subject is centered on the 20x16 canvas, occupying roughly 80-90% of it, with a small safe margin so nothing is clipped.  Background: the background must be a solid, flat, pure white (#FFFFFF) with nothing else in it, so the sprite can be cleanly cut out later.  Overall style: detailed, high-quality 2D pixel art in Terraria's visual language — crisp outlines, layered shading, subtle glow and highlights, clean readable silhouette, game-ready sprite."
156,Items/Materials/VoidSoul.png,虚空之魂｜物品图标,22x22,"A detailed void soul wisp (虚空之魂). This is a game item icon viewed from a slight three-quarter angle: centered, crisp readable silhouette, clear material shading.  Visual style: dark black-purple cosmic void palette, glowing violet runes, swirling star dust, soft purple rim light, deep empty-space gradient. Rich 2D pixel-art shading with layered highlights, soft emissive glow, and fine edge detail.  Composition: the subject is centered on the 22x22 canvas, occupying roughly 80-90% of it, with a small safe margin so nothing is clipped.  Background: the background must be a solid, flat, pure white (#FFFFFF) with nothing else in it, so the sprite can be cleanly cut out later.  Overall style: detailed, high-quality 2D pixel art in Terraria's visual language — crisp outlines, layered shading, subtle glow and highlights, clean readable silhouette, game-ready sprite."
157,Items/Consumables/VoidEndSigil.png,终焉虚印｜物品图标,22x22,"A detailed end sigil summon (终焉虚印). This is a game item icon viewed from a slight three-quarter angle: centered, crisp readable silhouette, clear material shading.  Visual style: deep crimson and dark magenta palette, seething void-end energy, crackling red-violet lightning arcs, swirling dark mist, ominous glowing core, intense red rim light. Rich 2D pixel-art shading with layered highlights, soft emissive glow, and fine edge detail.  Composition: the subject is centered on the 22x22 canvas, occupying roughly 80-90% of it, with a small safe margin so nothing is clipped.  Background: the background must be a solid, flat, pure white (#FFFFFF) with nothing else in it, so the sprite can be cleanly cut out later.  Overall style: detailed, high-quality 2D pixel art in Terraria's visual language — crisp outlines, layered shading, subtle glow and highlights, clean readable silhouette, game-ready sprite."
158,NPCs/VoidEnd.png,终焉之虚｜敌人/Boss,180x180,"A detailed The Void's End (final boss) (终焉之虚). This is a full-body creature/enemy/boss in side view: dynamic menacing pose, distinct readable silhouette, limbs/claws/fins/tentacles clearly separated, expressive eyes if any, menace and detail in equal measure.  Visual style: deep crimson and dark magenta palette, seething void-end energy, crackling red-violet lightning arcs, swirling dark mist, ominous glowing core, intense red rim light. Rich 2D pixel-art shading with layered highlights, soft emissive glow, and fine edge detail.  Composition: the subject is centered on the 180x180 canvas, occupying roughly 80-90% of it, with a small safe margin so nothing is clipped.  Background: the background must be a solid, flat, pure white (#FFFFFF) with nothing else in it, so the sprite can be cleanly cut out later.  Overall style: detailed, high-quality 2D pixel art in Terraria's visual language — crisp outlines, layered shading, subtle glow and highlights, clean readable silhouette, game-ready sprite."
159,NPCs/VoidEnd_Head_Boss.png,终焉之虚｜Boss 地图头像｜敌人/Boss,26x26,"A detailed The Void's End (final boss) (终焉之虚). This is a circular boss map icon: a front-facing portrait bust of the creature's head/face, bold and readable at tiny size, framed by an ominous energy aura, face centered, horns/eyes/teeth clearly visible.  Visual style: deep crimson and dark magenta palette, seething void-end energy, crackling red-violet lightning arcs, swirling dark mist, ominous glowing core, intense red rim light. Rich 2D pixel-art shading with layered highlights, soft emissive glow, and fine edge detail.  Composition: the subject is centered on the 26x26 canvas, occupying roughly 80-90% of it, with a small safe margin so nothing is clipped.  Background: the background must be a solid, flat, pure white (#FFFFFF) with nothing else in it, so the sprite can be cleanly cut out later.  Overall style: detailed, high-quality 2D pixel art in Terraria's visual language — crisp outlines, layered shading, subtle glow and highlights, clean readable silhouette, game-ready sprite."
160,Items/Armor/EndHelmet.png,终焉头盔｜物品图标,20x20,"A detailed end helmet (melee) (终焉头盔). This is a game item icon viewed from a slight three-quarter angle: centered, crisp readable silhouette, clear material shading.  Visual style: deep crimson and dark magenta palette, seething void-end energy, crackling red-violet lightning arcs, swirling dark mist, ominous glowing core, intense red rim light. Rich 2D pixel-art shading with layered highlights, soft emissive glow, and fine edge detail.  Composition: the subject is centered on the 20x20 canvas, occupying roughly 80-90% of it, with a small safe margin so nothing is clipped.  Background: the background must be a solid, flat, pure white (#FFFFFF) with nothing else in it, so the sprite can be cleanly cut out later.  Overall style: detailed, high-quality 2D pixel art in Terraria's visual language — crisp outlines, layered shading, subtle glow and highlights, clean readable silhouette, game-ready sprite."
161,Items/Armor/EndHelmet_Head.png,终焉头盔｜装备外观 头｜物品图标,20x16,"A detailed end helmet (melee) (终焉头盔). This is a helmet/head armor piece worn on the player character: front-facing, flat game-equip style with no drop shadow and no perspective, shaped to wrap the body part naturally, armored plating with glowing seams.  Visual style: deep crimson and dark magenta palette, seething void-end energy, crackling red-violet lightning arcs, swirling dark mist, ominous glowing core, intense red rim light. Rich 2D pixel-art shading with layered highlights, soft emissive glow, and fine edge detail.  Composition: the subject is centered on the 20x16 canvas, occupying roughly 80-90% of it, with a small safe margin so nothing is clipped.  Background: the background must be a solid, flat, pure white (#FFFFFF) with nothing else in it, so the sprite can be cleanly cut out later.  Overall style: detailed, high-quality 2D pixel art in Terraria's visual language — crisp outlines, layered shading, subtle glow and highlights, clean readable silhouette, game-ready sprite."
162,Items/Armor/EndMask.png,终焉面具｜物品图标,20x20,"A detailed end mask (ranger) (终焉面具). This is a game item icon viewed from a slight three-quarter angle: centered, crisp readable silhouette, clear material shading.  Visual style: deep crimson and dark magenta palette, seething void-end energy, crackling red-violet lightning arcs, swirling dark mist, ominous glowing core, intense red rim light. Rich 2D pixel-art shading with layered highlights, soft emissive glow, and fine edge detail.  Composition: the subject is centered on the 20x20 canvas, occupying roughly 80-90% of it, with a small safe margin so nothing is clipped.  Background: the background must be a solid, flat, pure white (#FFFFFF) with nothing else in it, so the sprite can be cleanly cut out later.  Overall style: detailed, high-quality 2D pixel art in Terraria's visual language — crisp outlines, layered shading, subtle glow and highlights, clean readable silhouette, game-ready sprite."
163,Items/Armor/EndMask_Head.png,终焉面具｜装备外观 头｜物品图标,20x16,"A detailed end mask (ranger) (终焉面具). This is a helmet/head armor piece worn on the player character: front-facing, flat game-equip style with no drop shadow and no perspective, shaped to wrap the body part naturally, armored plating with glowing seams.  Visual style: deep crimson and dark magenta palette, seething void-end energy, crackling red-violet lightning arcs, swirling dark mist, ominous glowing core, intense red rim light. Rich 2D pixel-art shading with layered highlights, soft emissive glow, and fine edge detail.  Composition: the subject is centered on the 20x16 canvas, occupying roughly 80-90% of it, with a small safe margin so nothing is clipped.  Background: the background must be a solid, flat, pure white (#FFFFFF) with nothing else in it, so the sprite can be cleanly cut out later.  Overall style: detailed, high-quality 2D pixel art in Terraria's visual language — crisp outlines, layered shading, subtle glow and highlights, clean readable silhouette, game-ready sprite."
164,Items/Armor/EndHood.png,终焉兜帽｜物品图标,20x20,"A detailed end hood (mage) (终焉兜帽). This is a game item icon viewed from a slight three-quarter angle: centered, crisp readable silhouette, clear material shading.  Visual style: deep crimson and dark magenta palette, seething void-end energy, crackling red-violet lightning arcs, swirling dark mist, ominous glowing core, intense red rim light. Rich 2D pixel-art shading with layered highlights, soft emissive glow, and fine edge detail.  Composition: the subject is centered on the 20x20 canvas, occupying roughly 80-90% of it, with a small safe margin so nothing is clipped.  Background: the background must be a solid, flat, pure white (#FFFFFF) with nothing else in it, so the sprite can be cleanly cut out later.  Overall style: detailed, high-quality 2D pixel art in Terraria's visual language — crisp outlines, layered shading, subtle glow and highlights, clean readable silhouette, game-ready sprite."
165,Items/Armor/EndHood_Head.png,终焉兜帽｜装备外观 头｜物品图标,20x16,"A detailed end hood (mage) (终焉兜帽). This is a helmet/head armor piece worn on the player character: front-facing, flat game-equip style with no drop shadow and no perspective, shaped to wrap the body part naturally, armored plating with glowing seams.  Visual style: deep crimson and dark magenta palette, seething void-end energy, crackling red-violet lightning arcs, swirling dark mist, ominous glowing core, intense red rim light. Rich 2D pixel-art shading with layered highlights, soft emissive glow, and fine edge detail.  Composition: the subject is centered on the 20x16 canvas, occupying roughly 80-90% of it, with a small safe margin so nothing is clipped.  Background: the background must be a solid, flat, pure white (#FFFFFF) with nothing else in it, so the sprite can be cleanly cut out later.  Overall style: detailed, high-quality 2D pixel art in Terraria's visual language — crisp outlines, layered shading, subtle glow and highlights, clean readable silhouette, game-ready sprite."
166,Items/Armor/EndHeadgear.png,终焉头饰｜物品图标,20x20,"A detailed end headgear (summoner) (终焉头饰). This is a game item icon viewed from a slight three-quarter angle: centered, crisp readable silhouette, clear material shading.  Visual style: deep crimson and dark magenta palette, seething void-end energy, crackling red-violet lightning arcs, swirling dark mist, ominous glowing core, intense red rim light. Rich 2D pixel-art shading with layered highlights, soft emissive glow, and fine edge detail.  Composition: the subject is centered on the 20x20 canvas, occupying roughly 80-90% of it, with a small safe margin so nothing is clipped.  Background: the background must be a solid, flat, pure white (#FFFFFF) with nothing else in it, so the sprite can be cleanly cut out later.  Overall style: detailed, high-quality 2D pixel art in Terraria's visual language — crisp outlines, layered shading, subtle glow and highlights, clean readable silhouette, game-ready sprite."
167,Items/Armor/EndHeadgear_Head.png,终焉头饰｜装备外观 头｜物品图标,20x16,"A detailed end headgear (summoner) (终焉头饰). This is a helmet/head armor piece worn on the player character: front-facing, flat game-equip style with no drop shadow and no perspective, shaped to wrap the body part naturally, armored plating with glowing seams.  Visual style: deep crimson and dark magenta palette, seething void-end energy, crackling red-violet lightning arcs, swirling dark mist, ominous glowing core, intense red rim light. Rich 2D pixel-art shading with layered highlights, soft emissive glow, and fine edge detail.  Composition: the subject is centered on the 20x16 canvas, occupying roughly 80-90% of it, with a small safe margin so nothing is clipped.  Background: the background must be a solid, flat, pure white (#FFFFFF) with nothing else in it, so the sprite can be cleanly cut out later.  Overall style: detailed, high-quality 2D pixel art in Terraria's visual language — crisp outlines, layered shading, subtle glow and highlights, clean readable silhouette, game-ready sprite."
168,Items/Armor/EndBreastplate.png,终焉胸甲｜物品图标,20x20,"A detailed end breastplate (终焉胸甲). This is a game item icon viewed from a slight three-quarter angle: centered, crisp readable silhouette, clear material shading.  Visual style: deep crimson and dark magenta palette, seething void-end energy, crackling red-violet lightning arcs, swirling dark mist, ominous glowing core, intense red rim light. Rich 2D pixel-art shading with layered highlights, soft emissive glow, and fine edge detail.  Composition: the subject is centered on the 20x20 canvas, occupying roughly 80-90% of it, with a small safe margin so nothing is clipped.  Background: the background must be a solid, flat, pure white (#FFFFFF) with nothing else in it, so the sprite can be cleanly cut out later.  Overall style: detailed, high-quality 2D pixel art in Terraria's visual language — crisp outlines, layered shading, subtle glow and highlights, clean readable silhouette, game-ready sprite."
169,Items/Armor/EndBreastplate_Body.png,终焉胸甲｜装备外观 身｜物品图标,20x28,"A detailed end breastplate (终焉胸甲). This is a chest/body armor piece worn on the player character: front-facing, flat game-equip style with no drop shadow and no perspective, shaped to wrap the body part naturally, armored plating with glowing seams.  Visual style: deep crimson and dark magenta palette, seething void-end energy, crackling red-violet lightning arcs, swirling dark mist, ominous glowing core, intense red rim light. Rich 2D pixel-art shading with layered highlights, soft emissive glow, and fine edge detail.  Composition: the subject is centered on the 20x28 canvas, occupying roughly 80-90% of it, with a small safe margin so nothing is clipped.  Background: the background must be a solid, flat, pure white (#FFFFFF) with nothing else in it, so the sprite can be cleanly cut out later.  Overall style: detailed, high-quality 2D pixel art in Terraria's visual language — crisp outlines, layered shading, subtle glow and highlights, clean readable silhouette, game-ready sprite."
170,Items/Armor/EndLeggings.png,终焉护腿｜物品图标,20x20,"A detailed end leggings (终焉护腿). This is a game item icon viewed from a slight three-quarter angle: centered, crisp readable silhouette, clear material shading.  Visual style: deep crimson and dark magenta palette, seething void-end energy, crackling red-violet lightning arcs, swirling dark mist, ominous glowing core, intense red rim light. Rich 2D pixel-art shading with layered highlights, soft emissive glow, and fine edge detail.  Composition: the subject is centered on the 20x20 canvas, occupying roughly 80-90% of it, with a small safe margin so nothing is clipped.  Background: the background must be a solid, flat, pure white (#FFFFFF) with nothing else in it, so the sprite can be cleanly cut out later.  Overall style: detailed, high-quality 2D pixel art in Terraria's visual language — crisp outlines, layered shading, subtle glow and highlights, clean readable silhouette, game-ready sprite."
171,Items/Armor/EndLeggings_Legs.png,终焉护腿｜装备外观 腿｜物品图标,20x26,"A detailed end leggings (终焉护腿). This is a legs/pants armor piece worn on the player character: front-facing, flat game-equip style with no drop shadow and no perspective, shaped to wrap the body part naturally, armored plating with glowing seams.  Visual style: deep crimson and dark magenta palette, seething void-end energy, crackling red-violet lightning arcs, swirling dark mist, ominous glowing core, intense red rim light. Rich 2D pixel-art shading with layered highlights, soft emissive glow, and fine edge detail.  Composition: the subject is centered on the 20x26 canvas, occupying roughly 80-90% of it, with a small safe margin so nothing is clipped.  Background: the background must be a solid, flat, pure white (#FFFFFF) with nothing else in it, so the sprite can be cleanly cut out later.  Overall style: detailed, high-quality 2D pixel art in Terraria's visual language — crisp outlines, layered shading, subtle glow and highlights, clean readable silhouette, game-ready sprite."
172,Items/Weapons/EndVoidBlade.png,终焉·归墟之刃｜物品图标,60x60,"A detailed end void blade (ultimate sword) (终焉·归墟之刃). This is a weapon/tool game icon drawn at a slight diagonal: sharp silhouette, metallic edges, glowing energy core or blade edge, readable shape at a glance, centered.  Visual style: deep crimson and dark magenta palette, seething void-end energy, crackling red-violet lightning arcs, swirling dark mist, ominous glowing core, intense red rim light. Rich 2D pixel-art shading with layered highlights, soft emissive glow, and fine edge detail.  Composition: the subject is centered on the 60x60 canvas, occupying roughly 80-90% of it, with a small safe margin so nothing is clipped.  Background: the background must be a solid, flat, pure white (#FFFFFF) with nothing else in it, so the sprite can be cleanly cut out later.  Overall style: detailed, high-quality 2D pixel art in Terraria's visual language — crisp outlines, layered shading, subtle glow and highlights, clean readable silhouette, game-ready sprite."
173,Projectiles/EndVoidBladeBeam.png,终焉剑气｜弹幕,56x56,"A detailed EndVoidBladeBeam (终焉剑气). This is a flying projectile drawn mid-motion: it looks fast and alive — streaking motion lines, a glowing energy trail behind it, and small spark/particle embers radiating off its surface, conveying speed and direction.  Visual style: deep crimson and dark magenta palette, seething void-end energy, crackling red-violet lightning arcs, swirling dark mist, ominous glowing core, intense red rim light. Rich 2D pixel-art shading with layered highlights, soft emissive glow, and fine edge detail.  Composition: the subject is centered on the 56x56 canvas, occupying roughly 80-90% of it, with a small safe margin so nothing is clipped.  Background: the background must be a solid, flat, pure white (#FFFFFF) with nothing else in it, so the sprite can be cleanly cut out later.  Overall style: detailed, high-quality 2D pixel art in Terraria's visual language — crisp outlines, layered shading, subtle glow and highlights, clean readable silhouette, game-ready sprite."
174,Projectiles/VoidEndBlast.png,虚空坍缩弹｜弹幕,24x24,"A detailed VoidEndBlast (虚空坍缩弹). This is a flying projectile drawn mid-motion: it looks fast and alive — streaking motion lines, a glowing energy trail behind it, and small spark/particle embers radiating off its surface, conveying speed and direction.  Visual style: deep crimson and dark magenta palette, seething void-end energy, crackling red-violet lightning arcs, swirling dark mist, ominous glowing core, intense red rim light. Rich 2D pixel-art shading with layered highlights, soft emissive glow, and fine edge detail.  Composition: the subject is centered on the 24x24 canvas, occupying roughly 80-90% of it, with a small safe margin so nothing is clipped.  Background: the background must be a solid, flat, pure white (#FFFFFF) with nothing else in it, so the sprite can be cleanly cut out later.  Overall style: detailed, high-quality 2D pixel art in Terraria's visual language — crisp outlines, layered shading, subtle glow and highlights, clean readable silhouette, game-ready sprite."
175,Items/Accessories/VoidEndBanner.png,终焉之旗｜物品图标,24x40,"A detailed end banner (world-end flag) (终焉之旗). This is a game item icon viewed from a slight three-quarter angle: centered, crisp readable silhouette, clear material shading.  Visual style: deep crimson and dark magenta palette, seething void-end energy, crackling red-violet lightning arcs, swirling dark mist, ominous glowing core, intense red rim light. Rich 2D pixel-art shading with layered highlights, soft emissive glow, and fine edge detail.  Composition: the subject is centered on the 24x40 canvas, occupying roughly 80-90% of it, with a small safe margin so nothing is clipped.  Background: the background must be a solid, flat, pure white (#FFFFFF) with nothing else in it, so the sprite can be cleanly cut out later.  Overall style: detailed, high-quality 2D pixel art in Terraria's visual language — crisp outlines, layered shading, subtle glow and highlights, clean readable silhouette, game-ready sprite."
176,Items/Materials/StellarEnergy.png,星渊能量｜物品图标,22x22,"A detailed stellar energy crystal (星渊能量). This is a game item icon viewed from a slight three-quarter angle: centered, crisp readable silhouette, clear material shading.  Visual style: deep navy blue and bright cyan starlight palette, sparkling star particles, cool blue rim light, radiant energy filaments, glassy crystalline highlights. Rich 2D pixel-art shading with layered highlights, soft emissive glow, and fine edge detail.  Composition: the subject is centered on the 22x22 canvas, occupying roughly 80-90% of it, with a small safe margin so nothing is clipped.  Background: the background must be a solid, flat, pure white (#FFFFFF) with nothing else in it, so the sprite can be cleanly cut out later.  Overall style: detailed, high-quality 2D pixel art in Terraria's visual language — crisp outlines, layered shading, subtle glow and highlights, clean readable silhouette, game-ready sprite."
177,Items/Consumables/StellarSigil.png,星渊之茧｜物品图标,22x22,"A detailed stellar cocoon summon (星渊之茧). This is a game item icon viewed from a slight three-quarter angle: centered, crisp readable silhouette, clear material shading.  Visual style: deep navy blue and bright cyan starlight palette, sparkling star particles, cool blue rim light, radiant energy filaments, glassy crystalline highlights. Rich 2D pixel-art shading with layered highlights, soft emissive glow, and fine edge detail.  Composition: the subject is centered on the 22x22 canvas, occupying roughly 80-90% of it, with a small safe margin so nothing is clipped.  Background: the background must be a solid, flat, pure white (#FFFFFF) with nothing else in it, so the sprite can be cleanly cut out later.  Overall style: detailed, high-quality 2D pixel art in Terraria's visual language — crisp outlines, layered shading, subtle glow and highlights, clean readable silhouette, game-ready sprite."
178,Items/Consumables/VoidInvasionBeacon.png,归墟入侵信标｜物品图标,22x34,"A detailed void invasion beacon (归墟入侵信标). This is a game item icon viewed from a slight three-quarter angle: centered, crisp readable silhouette, clear material shading.  Visual style: dark black-purple cosmic void palette, glowing violet runes, swirling star dust, soft purple rim light, deep empty-space gradient. Rich 2D pixel-art shading with layered highlights, soft emissive glow, and fine edge detail.  Composition: the subject is centered on the 22x34 canvas, occupying roughly 80-90% of it, with a small safe margin so nothing is clipped.  Background: the background must be a solid, flat, pure white (#FFFFFF) with nothing else in it, so the sprite can be cleanly cut out later.  Overall style: detailed, high-quality 2D pixel art in Terraria's visual language — crisp outlines, layered shading, subtle glow and highlights, clean readable silhouette, game-ready sprite."
179,NPCs/StellarShark.png,星渊鲨｜敌人/Boss,64x42,"A detailed stellar shark (星渊鲨). This is a full-body creature/enemy/boss in side view: dynamic menacing pose, distinct readable silhouette, limbs/claws/fins/tentacles clearly separated, expressive eyes if any, menace and detail in equal measure.  Visual style: deep navy blue and bright cyan starlight palette, sparkling star particles, cool blue rim light, radiant energy filaments, glassy crystalline highlights. Rich 2D pixel-art shading with layered highlights, soft emissive glow, and fine edge detail.  Composition: the subject is centered on the 64x42 canvas, occupying roughly 80-90% of it, with a small safe margin so nothing is clipped.  Background: the background must be a solid, flat, pure white (#FFFFFF) with nothing else in it, so the sprite can be cleanly cut out later.  Overall style: detailed, high-quality 2D pixel art in Terraria's visual language — crisp outlines, layered shading, subtle glow and highlights, clean readable silhouette, game-ready sprite."
180,NPCs/StellarDevourer.png,星渊吞噬者｜敌人/Boss,140x140,"A detailed Stellar Devourer (boss, cosmic serpent) (星渊吞噬者). This is a full-body creature/enemy/boss in side view: dynamic menacing pose, distinct readable silhouette, limbs/claws/fins/tentacles clearly separated, expressive eyes if any, menace and detail in equal measure.  Visual style: deep navy blue and bright cyan starlight palette, sparkling star particles, cool blue rim light, radiant energy filaments, glassy crystalline highlights. Rich 2D pixel-art shading with layered highlights, soft emissive glow, and fine edge detail.  Composition: the subject is centered on the 140x140 canvas, occupying roughly 80-90% of it, with a small safe margin so nothing is clipped.  Background: the background must be a solid, flat, pure white (#FFFFFF) with nothing else in it, so the sprite can be cleanly cut out later.  Overall style: detailed, high-quality 2D pixel art in Terraria's visual language — crisp outlines, layered shading, subtle glow and highlights, clean readable silhouette, game-ready sprite."
181,NPCs/StellarDevourer_Head_Boss.png,星渊吞噬者｜Boss 地图头像｜敌人/Boss,26x26,"A detailed Stellar Devourer (boss, cosmic serpent) (星渊吞噬者). This is a circular boss map icon: a front-facing portrait bust of the creature's head/face, bold and readable at tiny size, framed by an ominous energy aura, face centered, horns/eyes/teeth clearly visible.  Visual style: deep navy blue and bright cyan starlight palette, sparkling star particles, cool blue rim light, radiant energy filaments, glassy crystalline highlights. Rich 2D pixel-art shading with layered highlights, soft emissive glow, and fine edge detail.  Composition: the subject is centered on the 26x26 canvas, occupying roughly 80-90% of it, with a small safe margin so nothing is clipped.  Background: the background must be a solid, flat, pure white (#FFFFFF) with nothing else in it, so the sprite can be cleanly cut out later.  Overall style: detailed, high-quality 2D pixel art in Terraria's visual language — crisp outlines, layered shading, subtle glow and highlights, clean readable silhouette, game-ready sprite."
182,Items/Armor/StellarHelmet.png,星渊头盔｜物品图标,20x20,"A detailed stellar helmet (melee) (星渊头盔). This is a game item icon viewed from a slight three-quarter angle: centered, crisp readable silhouette, clear material shading.  Visual style: deep navy blue and bright cyan starlight palette, sparkling star particles, cool blue rim light, radiant energy filaments, glassy crystalline highlights. Rich 2D pixel-art shading with layered highlights, soft emissive glow, and fine edge detail.  Composition: the subject is centered on the 20x20 canvas, occupying roughly 80-90% of it, with a small safe margin so nothing is clipped.  Background: the background must be a solid, flat, pure white (#FFFFFF) with nothing else in it, so the sprite can be cleanly cut out later.  Overall style: detailed, high-quality 2D pixel art in Terraria's visual language — crisp outlines, layered shading, subtle glow and highlights, clean readable silhouette, game-ready sprite."
183,Items/Armor/StellarHelmet_Head.png,星渊头盔｜装备外观 头｜物品图标,20x16,"A detailed stellar helmet (melee) (星渊头盔). This is a helmet/head armor piece worn on the player character: front-facing, flat game-equip style with no drop shadow and no perspective, shaped to wrap the body part naturally, armored plating with glowing seams.  Visual style: deep navy blue and bright cyan starlight palette, sparkling star particles, cool blue rim light, radiant energy filaments, glassy crystalline highlights. Rich 2D pixel-art shading with layered highlights, soft emissive glow, and fine edge detail.  Composition: the subject is centered on the 20x16 canvas, occupying roughly 80-90% of it, with a small safe margin so nothing is clipped.  Background: the background must be a solid, flat, pure white (#FFFFFF) with nothing else in it, so the sprite can be cleanly cut out later.  Overall style: detailed, high-quality 2D pixel art in Terraria's visual language — crisp outlines, layered shading, subtle glow and highlights, clean readable silhouette, game-ready sprite."
184,Items/Armor/StellarMask.png,星渊面具｜物品图标,20x20,"A detailed stellar mask (ranger) (星渊面具). This is a game item icon viewed from a slight three-quarter angle: centered, crisp readable silhouette, clear material shading.  Visual style: deep navy blue and bright cyan starlight palette, sparkling star particles, cool blue rim light, radiant energy filaments, glassy crystalline highlights. Rich 2D pixel-art shading with layered highlights, soft emissive glow, and fine edge detail.  Composition: the subject is centered on the 20x20 canvas, occupying roughly 80-90% of it, with a small safe margin so nothing is clipped.  Background: the background must be a solid, flat, pure white (#FFFFFF) with nothing else in it, so the sprite can be cleanly cut out later.  Overall style: detailed, high-quality 2D pixel art in Terraria's visual language — crisp outlines, layered shading, subtle glow and highlights, clean readable silhouette, game-ready sprite."
185,Items/Armor/StellarMask_Head.png,星渊面具｜装备外观 头｜物品图标,20x16,"A detailed stellar mask (ranger) (星渊面具). This is a helmet/head armor piece worn on the player character: front-facing, flat game-equip style with no drop shadow and no perspective, shaped to wrap the body part naturally, armored plating with glowing seams.  Visual style: deep navy blue and bright cyan starlight palette, sparkling star particles, cool blue rim light, radiant energy filaments, glassy crystalline highlights. Rich 2D pixel-art shading with layered highlights, soft emissive glow, and fine edge detail.  Composition: the subject is centered on the 20x16 canvas, occupying roughly 80-90% of it, with a small safe margin so nothing is clipped.  Background: the background must be a solid, flat, pure white (#FFFFFF) with nothing else in it, so the sprite can be cleanly cut out later.  Overall style: detailed, high-quality 2D pixel art in Terraria's visual language — crisp outlines, layered shading, subtle glow and highlights, clean readable silhouette, game-ready sprite."
186,Items/Armor/StellarHood.png,星渊兜帽｜物品图标,20x20,"A detailed stellar hood (mage) (星渊兜帽). This is a game item icon viewed from a slight three-quarter angle: centered, crisp readable silhouette, clear material shading.  Visual style: deep navy blue and bright cyan starlight palette, sparkling star particles, cool blue rim light, radiant energy filaments, glassy crystalline highlights. Rich 2D pixel-art shading with layered highlights, soft emissive glow, and fine edge detail.  Composition: the subject is centered on the 20x20 canvas, occupying roughly 80-90% of it, with a small safe margin so nothing is clipped.  Background: the background must be a solid, flat, pure white (#FFFFFF) with nothing else in it, so the sprite can be cleanly cut out later.  Overall style: detailed, high-quality 2D pixel art in Terraria's visual language — crisp outlines, layered shading, subtle glow and highlights, clean readable silhouette, game-ready sprite."
187,Items/Armor/StellarHood_Head.png,星渊兜帽｜装备外观 头｜物品图标,20x16,"A detailed stellar hood (mage) (星渊兜帽). This is a helmet/head armor piece worn on the player character: front-facing, flat game-equip style with no drop shadow and no perspective, shaped to wrap the body part naturally, armored plating with glowing seams.  Visual style: deep navy blue and bright cyan starlight palette, sparkling star particles, cool blue rim light, radiant energy filaments, glassy crystalline highlights. Rich 2D pixel-art shading with layered highlights, soft emissive glow, and fine edge detail.  Composition: the subject is centered on the 20x16 canvas, occupying roughly 80-90% of it, with a small safe margin so nothing is clipped.  Background: the background must be a solid, flat, pure white (#FFFFFF) with nothing else in it, so the sprite can be cleanly cut out later.  Overall style: detailed, high-quality 2D pixel art in Terraria's visual language — crisp outlines, layered shading, subtle glow and highlights, clean readable silhouette, game-ready sprite."
188,Items/Armor/StellarHeadgear.png,星渊头饰｜物品图标,20x20,"A detailed stellar headgear (summoner) (星渊头饰). This is a game item icon viewed from a slight three-quarter angle: centered, crisp readable silhouette, clear material shading.  Visual style: deep navy blue and bright cyan starlight palette, sparkling star particles, cool blue rim light, radiant energy filaments, glassy crystalline highlights. Rich 2D pixel-art shading with layered highlights, soft emissive glow, and fine edge detail.  Composition: the subject is centered on the 20x20 canvas, occupying roughly 80-90% of it, with a small safe margin so nothing is clipped.  Background: the background must be a solid, flat, pure white (#FFFFFF) with nothing else in it, so the sprite can be cleanly cut out later.  Overall style: detailed, high-quality 2D pixel art in Terraria's visual language — crisp outlines, layered shading, subtle glow and highlights, clean readable silhouette, game-ready sprite."
189,Items/Armor/StellarHeadgear_Head.png,星渊头饰｜装备外观 头｜物品图标,20x16,"A detailed stellar headgear (summoner) (星渊头饰). This is a helmet/head armor piece worn on the player character: front-facing, flat game-equip style with no drop shadow and no perspective, shaped to wrap the body part naturally, armored plating with glowing seams.  Visual style: deep navy blue and bright cyan starlight palette, sparkling star particles, cool blue rim light, radiant energy filaments, glassy crystalline highlights. Rich 2D pixel-art shading with layered highlights, soft emissive glow, and fine edge detail.  Composition: the subject is centered on the 20x16 canvas, occupying roughly 80-90% of it, with a small safe margin so nothing is clipped.  Background: the background must be a solid, flat, pure white (#FFFFFF) with nothing else in it, so the sprite can be cleanly cut out later.  Overall style: detailed, high-quality 2D pixel art in Terraria's visual language — crisp outlines, layered shading, subtle glow and highlights, clean readable silhouette, game-ready sprite."
190,Items/Armor/StellarBreastplate.png,星渊胸甲｜物品图标,20x20,"A detailed stellar breastplate (星渊胸甲). This is a game item icon viewed from a slight three-quarter angle: centered, crisp readable silhouette, clear material shading.  Visual style: deep navy blue and bright cyan starlight palette, sparkling star particles, cool blue rim light, radiant energy filaments, glassy crystalline highlights. Rich 2D pixel-art shading with layered highlights, soft emissive glow, and fine edge detail.  Composition: the subject is centered on the 20x20 canvas, occupying roughly 80-90% of it, with a small safe margin so nothing is clipped.  Background: the background must be a solid, flat, pure white (#FFFFFF) with nothing else in it, so the sprite can be cleanly cut out later.  Overall style: detailed, high-quality 2D pixel art in Terraria's visual language — crisp outlines, layered shading, subtle glow and highlights, clean readable silhouette, game-ready sprite."
191,Items/Armor/StellarBreastplate_Body.png,星渊胸甲｜装备外观 身｜物品图标,20x28,"A detailed stellar breastplate (星渊胸甲). This is a chest/body armor piece worn on the player character: front-facing, flat game-equip style with no drop shadow and no perspective, shaped to wrap the body part naturally, armored plating with glowing seams.  Visual style: deep navy blue and bright cyan starlight palette, sparkling star particles, cool blue rim light, radiant energy filaments, glassy crystalline highlights. Rich 2D pixel-art shading with layered highlights, soft emissive glow, and fine edge detail.  Composition: the subject is centered on the 20x28 canvas, occupying roughly 80-90% of it, with a small safe margin so nothing is clipped.  Background: the background must be a solid, flat, pure white (#FFFFFF) with nothing else in it, so the sprite can be cleanly cut out later.  Overall style: detailed, high-quality 2D pixel art in Terraria's visual language — crisp outlines, layered shading, subtle glow and highlights, clean readable silhouette, game-ready sprite."
192,Items/Armor/StellarLeggings.png,星渊护腿｜物品图标,20x20,"A detailed stellar leggings (星渊护腿). This is a game item icon viewed from a slight three-quarter angle: centered, crisp readable silhouette, clear material shading.  Visual style: deep navy blue and bright cyan starlight palette, sparkling star particles, cool blue rim light, radiant energy filaments, glassy crystalline highlights. Rich 2D pixel-art shading with layered highlights, soft emissive glow, and fine edge detail.  Composition: the subject is centered on the 20x20 canvas, occupying roughly 80-90% of it, with a small safe margin so nothing is clipped.  Background: the background must be a solid, flat, pure white (#FFFFFF) with nothing else in it, so the sprite can be cleanly cut out later.  Overall style: detailed, high-quality 2D pixel art in Terraria's visual language — crisp outlines, layered shading, subtle glow and highlights, clean readable silhouette, game-ready sprite."
193,Items/Armor/StellarLeggings_Legs.png,星渊护腿｜装备外观 腿｜物品图标,20x26,"A detailed stellar leggings (星渊护腿). This is a legs/pants armor piece worn on the player character: front-facing, flat game-equip style with no drop shadow and no perspective, shaped to wrap the body part naturally, armored plating with glowing seams.  Visual style: deep navy blue and bright cyan starlight palette, sparkling star particles, cool blue rim light, radiant energy filaments, glassy crystalline highlights. Rich 2D pixel-art shading with layered highlights, soft emissive glow, and fine edge detail.  Composition: the subject is centered on the 20x26 canvas, occupying roughly 80-90% of it, with a small safe margin so nothing is clipped.  Background: the background must be a solid, flat, pure white (#FFFFFF) with nothing else in it, so the sprite can be cleanly cut out later.  Overall style: detailed, high-quality 2D pixel art in Terraria's visual language — crisp outlines, layered shading, subtle glow and highlights, clean readable silhouette, game-ready sprite."
194,Items/Weapons/StellarDoomSword.png,星渊断罪｜物品图标,56x56,"A detailed stellar doom greatsword (星渊断罪). This is a weapon/tool game icon drawn at a slight diagonal: sharp silhouette, metallic edges, glowing energy core or blade edge, readable shape at a glance, centered.  Visual style: deep navy blue and bright cyan starlight palette, sparkling star particles, cool blue rim light, radiant energy filaments, glassy crystalline highlights. Rich 2D pixel-art shading with layered highlights, soft emissive glow, and fine edge detail.  Composition: the subject is centered on the 56x56 canvas, occupying roughly 80-90% of it, with a small safe margin so nothing is clipped.  Background: the background must be a solid, flat, pure white (#FFFFFF) with nothing else in it, so the sprite can be cleanly cut out later.  Overall style: detailed, high-quality 2D pixel art in Terraria's visual language — crisp outlines, layered shading, subtle glow and highlights, clean readable silhouette, game-ready sprite."
195,Items/Weapons/StellarAnnihilator.png,星渊湮灭炮｜物品图标,52x28,"A detailed stellar annihilator cannon (星渊湮灭炮). This is a weapon/tool game icon drawn at a slight diagonal: sharp silhouette, metallic edges, glowing energy core or blade edge, readable shape at a glance, centered.  Visual style: deep navy blue and bright cyan starlight palette, sparkling star particles, cool blue rim light, radiant energy filaments, glassy crystalline highlights. Rich 2D pixel-art shading with layered highlights, soft emissive glow, and fine edge detail.  Composition: the subject is centered on the 52x28 canvas, occupying roughly 80-90% of it, with a small safe margin so nothing is clipped.  Background: the background must be a solid, flat, pure white (#FFFFFF) with nothing else in it, so the sprite can be cleanly cut out later.  Overall style: detailed, high-quality 2D pixel art in Terraria's visual language — crisp outlines, layered shading, subtle glow and highlights, clean readable silhouette, game-ready sprite."
196,Items/Weapons/StellarCodex.png,星渊法典｜物品图标,40x40,"A detailed stellar codex tome (星渊法典). This is a weapon/tool game icon drawn at a slight diagonal: sharp silhouette, metallic edges, glowing energy core or blade edge, readable shape at a glance, centered.  Visual style: deep navy blue and bright cyan starlight palette, sparkling star particles, cool blue rim light, radiant energy filaments, glassy crystalline highlights. Rich 2D pixel-art shading with layered highlights, soft emissive glow, and fine edge detail.  Composition: the subject is centered on the 40x40 canvas, occupying roughly 80-90% of it, with a small safe margin so nothing is clipped.  Background: the background must be a solid, flat, pure white (#FFFFFF) with nothing else in it, so the sprite can be cleanly cut out later.  Overall style: detailed, high-quality 2D pixel art in Terraria's visual language — crisp outlines, layered shading, subtle glow and highlights, clean readable silhouette, game-ready sprite."
197,Items/Weapons/StellarLordStaff.png,星渊之主法杖｜物品图标,40x40,"A detailed stellar lord staff (星渊之主法杖). This is a weapon/tool game icon drawn at a slight diagonal: sharp silhouette, metallic edges, glowing energy core or blade edge, readable shape at a glance, centered.  Visual style: deep navy blue and bright cyan starlight palette, sparkling star particles, cool blue rim light, radiant energy filaments, glassy crystalline highlights. Rich 2D pixel-art shading with layered highlights, soft emissive glow, and fine edge detail.  Composition: the subject is centered on the 40x40 canvas, occupying roughly 80-90% of it, with a small safe margin so nothing is clipped.  Background: the background must be a solid, flat, pure white (#FFFFFF) with nothing else in it, so the sprite can be cleanly cut out later.  Overall style: detailed, high-quality 2D pixel art in Terraria's visual language — crisp outlines, layered shading, subtle glow and highlights, clean readable silhouette, game-ready sprite."
198,Items/Weapons/StellarWhip.png,星渊鞭｜物品图标,40x40,"A detailed stellar whip (星渊鞭). This is a weapon/tool game icon drawn at a slight diagonal: sharp silhouette, metallic edges, glowing energy core or blade edge, readable shape at a glance, centered.  Visual style: deep navy blue and bright cyan starlight palette, sparkling star particles, cool blue rim light, radiant energy filaments, glassy crystalline highlights. Rich 2D pixel-art shading with layered highlights, soft emissive glow, and fine edge detail.  Composition: the subject is centered on the 40x40 canvas, occupying roughly 80-90% of it, with a small safe margin so nothing is clipped.  Background: the background must be a solid, flat, pure white (#FFFFFF) with nothing else in it, so the sprite can be cleanly cut out later.  Overall style: detailed, high-quality 2D pixel art in Terraria's visual language — crisp outlines, layered shading, subtle glow and highlights, clean readable silhouette, game-ready sprite."
199,Items/Tools/StellarPickaxe.png,星渊镐｜物品图标,40x40,"A detailed stellar pickaxe (星渊镐). This is a weapon/tool game icon drawn at a slight diagonal: sharp silhouette, metallic edges, glowing energy core or blade edge, readable shape at a glance, centered.  Visual style: deep navy blue and bright cyan starlight palette, sparkling star particles, cool blue rim light, radiant energy filaments, glassy crystalline highlights. Rich 2D pixel-art shading with layered highlights, soft emissive glow, and fine edge detail.  Composition: the subject is centered on the 40x40 canvas, occupying roughly 80-90% of it, with a small safe margin so nothing is clipped.  Background: the background must be a solid, flat, pure white (#FFFFFF) with nothing else in it, so the sprite can be cleanly cut out later.  Overall style: detailed, high-quality 2D pixel art in Terraria's visual language — crisp outlines, layered shading, subtle glow and highlights, clean readable silhouette, game-ready sprite."
200,Items/Tools/StellarAxe.png,星渊斧｜物品图标,40x40,"A detailed stellar axe (星渊斧). This is a weapon/tool game icon drawn at a slight diagonal: sharp silhouette, metallic edges, glowing energy core or blade edge, readable shape at a glance, centered.  Visual style: deep navy blue and bright cyan starlight palette, sparkling star particles, cool blue rim light, radiant energy filaments, glassy crystalline highlights. Rich 2D pixel-art shading with layered highlights, soft emissive glow, and fine edge detail.  Composition: the subject is centered on the 40x40 canvas, occupying roughly 80-90% of it, with a small safe margin so nothing is clipped.  Background: the background must be a solid, flat, pure white (#FFFFFF) with nothing else in it, so the sprite can be cleanly cut out later.  Overall style: detailed, high-quality 2D pixel art in Terraria's visual language — crisp outlines, layered shading, subtle glow and highlights, clean readable silhouette, game-ready sprite."
201,Items/Tools/StellarHammer.png,星渊锤｜物品图标,40x40,"A detailed stellar hammer (星渊锤). This is a weapon/tool game icon drawn at a slight diagonal: sharp silhouette, metallic edges, glowing energy core or blade edge, readable shape at a glance, centered.  Visual style: deep navy blue and bright cyan starlight palette, sparkling star particles, cool blue rim light, radiant energy filaments, glassy crystalline highlights. Rich 2D pixel-art shading with layered highlights, soft emissive glow, and fine edge detail.  Composition: the subject is centered on the 40x40 canvas, occupying roughly 80-90% of it, with a small safe margin so nothing is clipped.  Background: the background must be a solid, flat, pure white (#FFFFFF) with nothing else in it, so the sprite can be cleanly cut out later.  Overall style: detailed, high-quality 2D pixel art in Terraria's visual language — crisp outlines, layered shading, subtle glow and highlights, clean readable silhouette, game-ready sprite."
202,Projectiles/StellarSlashBeam.png,星渊断罪剑气｜弹幕,40x40,"A detailed stellar slash beam (星渊断罪剑气). This is a flying projectile drawn mid-motion: it looks fast and alive — streaking motion lines, a glowing energy trail behind it, and small spark/particle embers radiating off its surface, conveying speed and direction.  Visual style: deep navy blue and bright cyan starlight palette, sparkling star particles, cool blue rim light, radiant energy filaments, glassy crystalline highlights. Rich 2D pixel-art shading with layered highlights, soft emissive glow, and fine edge detail.  Composition: the subject is centered on the 40x40 canvas, occupying roughly 80-90% of it, with a small safe margin so nothing is clipped.  Background: the background must be a solid, flat, pure white (#FFFFFF) with nothing else in it, so the sprite can be cleanly cut out later.  Overall style: detailed, high-quality 2D pixel art in Terraria's visual language — crisp outlines, layered shading, subtle glow and highlights, clean readable silhouette, game-ready sprite."
203,Projectiles/StellarBolt.png,星渊湮灭弹｜弹幕,16x16,"A detailed stellar bolt (星渊湮灭弹). This is a flying projectile drawn mid-motion: it looks fast and alive — streaking motion lines, a glowing energy trail behind it, and small spark/particle embers radiating off its surface, conveying speed and direction.  Visual style: deep navy blue and bright cyan starlight palette, sparkling star particles, cool blue rim light, radiant energy filaments, glassy crystalline highlights. Rich 2D pixel-art shading with layered highlights, soft emissive glow, and fine edge detail.  Composition: the subject is centered on the 16x16 canvas, occupying roughly 80-90% of it, with a small safe margin so nothing is clipped.  Background: the background must be a solid, flat, pure white (#FFFFFF) with nothing else in it, so the sprite can be cleanly cut out later.  Overall style: detailed, high-quality 2D pixel art in Terraria's visual language — crisp outlines, layered shading, subtle glow and highlights, clean readable silhouette, game-ready sprite."
204,Projectiles/StellarSpell.png,星渊咒弹｜弹幕,14x14,"A detailed stellar spell (星渊咒弹). This is a flying projectile drawn mid-motion: it looks fast and alive — streaking motion lines, a glowing energy trail behind it, and small spark/particle embers radiating off its surface, conveying speed and direction.  Visual style: deep navy blue and bright cyan starlight palette, sparkling star particles, cool blue rim light, radiant energy filaments, glassy crystalline highlights. Rich 2D pixel-art shading with layered highlights, soft emissive glow, and fine edge detail.  Composition: the subject is centered on the 14x14 canvas, occupying roughly 80-90% of it, with a small safe margin so nothing is clipped.  Background: the background must be a solid, flat, pure white (#FFFFFF) with nothing else in it, so the sprite can be cleanly cut out later.  Overall style: detailed, high-quality 2D pixel art in Terraria's visual language — crisp outlines, layered shading, subtle glow and highlights, clean readable silhouette, game-ready sprite."
205,Projectiles/StellarLord.png,星渊之主｜弹幕,34x34,"A detailed stellar lord minion (星渊之主). This is a flying projectile drawn mid-motion: it looks fast and alive — streaking motion lines, a glowing energy trail behind it, and small spark/particle embers radiating off its surface, conveying speed and direction.  Visual style: deep navy blue and bright cyan starlight palette, sparkling star particles, cool blue rim light, radiant energy filaments, glassy crystalline highlights. Rich 2D pixel-art shading with layered highlights, soft emissive glow, and fine edge detail.  Composition: the subject is centered on the 34x34 canvas, occupying roughly 80-90% of it, with a small safe margin so nothing is clipped.  Background: the background must be a solid, flat, pure white (#FFFFFF) with nothing else in it, so the sprite can be cleanly cut out later.  Overall style: detailed, high-quality 2D pixel art in Terraria's visual language — crisp outlines, layered shading, subtle glow and highlights, clean readable silhouette, game-ready sprite."
206,Projectiles/StellarWhipProjectile.png,星渊鞭｜弹幕,28x28,"A detailed stellar whip (星渊鞭). This is a flying projectile drawn mid-motion: it looks fast and alive — streaking motion lines, a glowing energy trail behind it, and small spark/particle embers radiating off its surface, conveying speed and direction.  Visual style: deep navy blue and bright cyan starlight palette, sparkling star particles, cool blue rim light, radiant energy filaments, glassy crystalline highlights. Rich 2D pixel-art shading with layered highlights, soft emissive glow, and fine edge detail.  Composition: the subject is centered on the 28x28 canvas, occupying roughly 80-90% of it, with a small safe margin so nothing is clipped.  Background: the background must be a solid, flat, pure white (#FFFFFF) with nothing else in it, so the sprite can be cleanly cut out later.  Overall style: detailed, high-quality 2D pixel art in Terraria's visual language — crisp outlines, layered shading, subtle glow and highlights, clean readable silhouette, game-ready sprite."
207,Projectiles/StellarDevourerBlast.png,星碎｜弹幕,18x18,"A detailed stellar devourer star blast (星碎). This is a flying projectile drawn mid-motion: it looks fast and alive — streaking motion lines, a glowing energy trail behind it, and small spark/particle embers radiating off its surface, conveying speed and direction.  Visual style: deep navy blue and bright cyan starlight palette, sparkling star particles, cool blue rim light, radiant energy filaments, glassy crystalline highlights. Rich 2D pixel-art shading with layered highlights, soft emissive glow, and fine edge detail.  Composition: the subject is centered on the 18x18 canvas, occupying roughly 80-90% of it, with a small safe margin so nothing is clipped.  Background: the background must be a solid, flat, pure white (#FFFFFF) with nothing else in it, so the sprite can be cleanly cut out later.  Overall style: detailed, high-quality 2D pixel art in Terraria's visual language — crisp outlines, layered shading, subtle glow and highlights, clean readable silhouette, game-ready sprite."
208,Buffs/StellarLordBuff.png,星渊之主｜增益/减益图标,32x32,"A detailed stellar lord buff icon (星渊之主). This is a square status-icon: one bold symbolic shape (eye, claw, wisp, orb, flame), simple and readable at small size, subtle inner glow and dark vignette.  Visual style: deep navy blue and bright cyan starlight palette, sparkling star particles, cool blue rim light, radiant energy filaments, glassy crystalline highlights. Rich 2D pixel-art shading with layered highlights, soft emissive glow, and fine edge detail.  Composition: the subject is centered on the 32x32 canvas, occupying roughly 80-90% of it, with a small safe margin so nothing is clipped.  Background: the background must be a solid, flat, pure white (#FFFFFF) with nothing else in it, so the sprite can be cleanly cut out later.  Overall style: detailed, high-quality 2D pixel art in Terraria's visual language — crisp outlines, layered shading, subtle glow and highlights, clean readable silhouette, game-ready sprite."
209,Mounts/VoidRider_Back.png,VoidRider｜坐骑 后层,40x40,"A detailed void rider mount creature (VoidRider). This is a back layer sprite of the mount creature: side view, creature occupying most of the frame, distinct fins/limbs/head, smooth silhouette.  Visual style: dark black-purple cosmic void palette, glowing violet runes, swirling star dust, soft purple rim light, deep empty-space gradient. Rich 2D pixel-art shading with layered highlights, soft emissive glow, and fine edge detail.  Composition: the subject is centered on the 40x40 canvas, occupying roughly 80-90% of it, with a small safe margin so nothing is clipped.  Background: the background must be a solid, flat, pure white (#FFFFFF) with nothing else in it, so the sprite can be cleanly cut out later.  Overall style: detailed, high-quality 2D pixel art in Terraria's visual language — crisp outlines, layered shading, subtle glow and highlights, clean readable silhouette, game-ready sprite."
210,Mounts/VoidRider_Front.png,VoidRider｜坐骑 前层,40x40,"A detailed void rider mount creature (VoidRider). This is a front layer sprite of the mount creature: side view, creature occupying most of the frame, distinct fins/limbs/head, smooth silhouette.  Visual style: dark black-purple cosmic void palette, glowing violet runes, swirling star dust, soft purple rim light, deep empty-space gradient. Rich 2D pixel-art shading with layered highlights, soft emissive glow, and fine edge detail.  Composition: the subject is centered on the 40x40 canvas, occupying roughly 80-90% of it, with a small safe margin so nothing is clipped.  Background: the background must be a solid, flat, pure white (#FFFFFF) with nothing else in it, so the sprite can be cleanly cut out later.  Overall style: detailed, high-quality 2D pixel art in Terraria's visual language — crisp outlines, layered shading, subtle glow and highlights, clean readable silhouette, game-ready sprite."
211,Items/Mounts/VoidRiderItem.png,虚空行者｜物品图标,30x26,"A detailed void rider mount item (虚空行者). This is a game item icon viewed from a slight three-quarter angle: centered, crisp readable silhouette, clear material shading.  Visual style: dark black-purple cosmic void palette, glowing violet runes, swirling star dust, soft purple rim light, deep empty-space gradient. Rich 2D pixel-art shading with layered highlights, soft emissive glow, and fine edge detail.  Composition: the subject is centered on the 30x26 canvas, occupying roughly 80-90% of it, with a small safe margin so nothing is clipped.  Background: the background must be a solid, flat, pure white (#FFFFFF) with nothing else in it, so the sprite can be cleanly cut out later.  Overall style: detailed, high-quality 2D pixel art in Terraria's visual language — crisp outlines, layered shading, subtle glow and highlights, clean readable silhouette, game-ready sprite."
212,Items/Accessories/VoidWings.png,虚空之翼｜物品图标,30x30,"A detailed void wings (虚空之翼). This is a game item icon viewed from a slight three-quarter angle: centered, crisp readable silhouette, clear material shading.  Visual style: dark black-purple cosmic void palette, glowing violet runes, swirling star dust, soft purple rim light, deep empty-space gradient. Rich 2D pixel-art shading with layered highlights, soft emissive glow, and fine edge detail.  Composition: the subject is centered on the 30x30 canvas, occupying roughly 80-90% of it, with a small safe margin so nothing is clipped.  Background: the background must be a solid, flat, pure white (#FFFFFF) with nothing else in it, so the sprite can be cleanly cut out later.  Overall style: detailed, high-quality 2D pixel art in Terraria's visual language — crisp outlines, layered shading, subtle glow and highlights, clean readable silhouette, game-ready sprite."
213,Items/Accessories/VoidWings_Wings.png,虚空之翼｜装备外观 翅膀｜物品图标,30x30,"A detailed void wings (虚空之翼). This is a wings pair worn on the player character: front-facing, flat game-equip style with no drop shadow and no perspective, shaped to wrap the body part naturally, armored plating with glowing seams.  Visual style: dark black-purple cosmic void palette, glowing violet runes, swirling star dust, soft purple rim light, deep empty-space gradient. Rich 2D pixel-art shading with layered highlights, soft emissive glow, and fine edge detail.  Composition: the subject is centered on the 30x30 canvas, occupying roughly 80-90% of it, with a small safe margin so nothing is clipped.  Background: the background must be a solid, flat, pure white (#FFFFFF) with nothing else in it, so the sprite can be cleanly cut out later.  Overall style: detailed, high-quality 2D pixel art in Terraria's visual language — crisp outlines, layered shading, subtle glow and highlights, clean readable silhouette, game-ready sprite."
214,Items/Accessories/VoidFairyItem.png,虚空精灵｜物品图标,30x30,"A detailed void fairy pet item (虚空精灵). This is a game item icon viewed from a slight three-quarter angle: centered, crisp readable silhouette, clear material shading.  Visual style: dark black-purple cosmic void palette, glowing violet runes, swirling star dust, soft purple rim light, deep empty-space gradient. Rich 2D pixel-art shading with layered highlights, soft emissive glow, and fine edge detail.  Composition: the subject is centered on the 30x30 canvas, occupying roughly 80-90% of it, with a small safe margin so nothing is clipped.  Background: the background must be a solid, flat, pure white (#FFFFFF) with nothing else in it, so the sprite can be cleanly cut out later.  Overall style: detailed, high-quality 2D pixel art in Terraria's visual language — crisp outlines, layered shading, subtle glow and highlights, clean readable silhouette, game-ready sprite."
215,Buffs/VoidFairyBuff.png,虚空精灵｜增益/减益图标,32x32,"A detailed void fairy buff icon (虚空精灵). This is a square status-icon: one bold symbolic shape (eye, claw, wisp, orb, flame), simple and readable at small size, subtle inner glow and dark vignette.  Visual style: dark black-purple cosmic void palette, glowing violet runes, swirling star dust, soft purple rim light, deep empty-space gradient. Rich 2D pixel-art shading with layered highlights, soft emissive glow, and fine edge detail.  Composition: the subject is centered on the 32x32 canvas, occupying roughly 80-90% of it, with a small safe margin so nothing is clipped.  Background: the background must be a solid, flat, pure white (#FFFFFF) with nothing else in it, so the sprite can be cleanly cut out later.  Overall style: detailed, high-quality 2D pixel art in Terraria's visual language — crisp outlines, layered shading, subtle glow and highlights, clean readable silhouette, game-ready sprite."
216,Projectiles/VoidFairy.png,虚空精灵｜弹幕,28x28,"A detailed void fairy pet (虚空精灵). This is a flying projectile drawn mid-motion: it looks fast and alive — streaking motion lines, a glowing energy trail behind it, and small spark/particle embers radiating off its surface, conveying speed and direction.  Visual style: dark black-purple cosmic void palette, glowing violet runes, swirling star dust, soft purple rim light, deep empty-space gradient. Rich 2D pixel-art shading with layered highlights, soft emissive glow, and fine edge detail.  Composition: the subject is centered on the 28x28 canvas, occupying roughly 80-90% of it, with a small safe margin so nothing is clipped.  Background: the background must be a solid, flat, pure white (#FFFFFF) with nothing else in it, so the sprite can be cleanly cut out later.  Overall style: detailed, high-quality 2D pixel art in Terraria's visual language — crisp outlines, layered shading, subtle glow and highlights, clean readable silhouette, game-ready sprite."
217,Items/Hooks/VoidfallHookItem.png,归墟钩爪｜物品图标,30x30,"A detailed voidfall grappling hook (归墟钩爪). This is a game item icon viewed from a slight three-quarter angle: centered, crisp readable silhouette, clear material shading.  Visual style: dark black-purple cosmic void palette, glowing violet runes, swirling star dust, soft purple rim light, deep empty-space gradient. Rich 2D pixel-art shading with layered highlights, soft emissive glow, and fine edge detail.  Composition: the subject is centered on the 30x30 canvas, occupying roughly 80-90% of it, with a small safe margin so nothing is clipped.  Background: the background must be a solid, flat, pure white (#FFFFFF) with nothing else in it, so the sprite can be cleanly cut out later.  Overall style: detailed, high-quality 2D pixel art in Terraria's visual language — crisp outlines, layered shading, subtle glow and highlights, clean readable silhouette, game-ready sprite."
218,Items/Hooks/VoidfallHookChain.png,VoidfallHookChain｜物品图标,12x12,"A detailed VoidfallHookChain (VoidfallHookChain). This is a game item icon viewed from a slight three-quarter angle: centered, crisp readable silhouette, clear material shading.  Visual style: dark black-purple cosmic void palette, glowing violet runes, swirling star dust, soft purple rim light, deep empty-space gradient. Rich 2D pixel-art shading with layered highlights, soft emissive glow, and fine edge detail.  Composition: the subject is centered on the 12x12 canvas, occupying roughly 80-90% of it, with a small safe margin so nothing is clipped.  Background: the background must be a solid, flat, pure white (#FFFFFF) with nothing else in it, so the sprite can be cleanly cut out later.  Overall style: detailed, high-quality 2D pixel art in Terraria's visual language — crisp outlines, layered shading, subtle glow and highlights, clean readable silhouette, game-ready sprite."
219,Projectiles/VoidfallHookProjectile.png,归墟钩爪｜弹幕,18x18,"A detailed voidfall hook head (归墟钩爪). This is a flying projectile drawn mid-motion: it looks fast and alive — streaking motion lines, a glowing energy trail behind it, and small spark/particle embers radiating off its surface, conveying speed and direction.  Visual style: dark black-purple cosmic void palette, glowing violet runes, swirling star dust, soft purple rim light, deep empty-space gradient. Rich 2D pixel-art shading with layered highlights, soft emissive glow, and fine edge detail.  Composition: the subject is centered on the 18x18 canvas, occupying roughly 80-90% of it, with a small safe margin so nothing is clipped.  Background: the background must be a solid, flat, pure white (#FFFFFF) with nothing else in it, so the sprite can be cleanly cut out later.  Overall style: detailed, high-quality 2D pixel art in Terraria's visual language — crisp outlines, layered shading, subtle glow and highlights, clean readable silhouette, game-ready sprite."
220,Buffs/VoidRiderBuff.png,虚空行者｜增益/减益图标,32x32,"A detailed void rider buff icon (虚空行者). This is a square status-icon: one bold symbolic shape (eye, claw, wisp, orb, flame), simple and readable at small size, subtle inner glow and dark vignette.  Visual style: dark black-purple cosmic void palette, glowing violet runes, swirling star dust, soft purple rim light, deep empty-space gradient. Rich 2D pixel-art shading with layered highlights, soft emissive glow, and fine edge detail.  Composition: the subject is centered on the 32x32 canvas, occupying roughly 80-90% of it, with a small safe margin so nothing is clipped.  Background: the background must be a solid, flat, pure white (#FFFFFF) with nothing else in it, so the sprite can be cleanly cut out later.  Overall style: detailed, high-quality 2D pixel art in Terraria's visual language — crisp outlines, layered shading, subtle glow and highlights, clean readable silhouette, game-ready sprite."
221,NPCs/VoidHound.png,虚空猎犬｜敌人/Boss,52x34,"A detailed void hound (虚空猎犬). This is a full-body creature/enemy/boss in side view: dynamic menacing pose, distinct readable silhouette, limbs/claws/fins/tentacles clearly separated, expressive eyes if any, menace and detail in equal measure.  Visual style: dark purple and violet invasion palette, jagged void spikes, tattered energy wisps, aggressive silhouette, violet glow. Rich 2D pixel-art shading with layered highlights, soft emissive glow, and fine edge detail.  Composition: the subject is centered on the 52x34 canvas, occupying roughly 80-90% of it, with a small safe margin so nothing is clipped.  Background: the background must be a solid, flat, pure white (#FFFFFF) with nothing else in it, so the sprite can be cleanly cut out later.  Overall style: detailed, high-quality 2D pixel art in Terraria's visual language — crisp outlines, layered shading, subtle glow and highlights, clean readable silhouette, game-ready sprite."
222,NPCs/VoidWraith.png,虚空幽魂｜敌人/Boss,40x40,"A detailed void wraith (虚空幽魂). This is a full-body creature/enemy/boss in side view: dynamic menacing pose, distinct readable silhouette, limbs/claws/fins/tentacles clearly separated, expressive eyes if any, menace and detail in equal measure.  Visual style: dark purple and violet invasion palette, jagged void spikes, tattered energy wisps, aggressive silhouette, violet glow. Rich 2D pixel-art shading with layered highlights, soft emissive glow, and fine edge detail.  Composition: the subject is centered on the 40x40 canvas, occupying roughly 80-90% of it, with a small safe margin so nothing is clipped.  Background: the background must be a solid, flat, pure white (#FFFFFF) with nothing else in it, so the sprite can be cleanly cut out later.  Overall style: detailed, high-quality 2D pixel art in Terraria's visual language — crisp outlines, layered shading, subtle glow and highlights, clean readable silhouette, game-ready sprite."
223,NPCs/VoidTitan.png,归墟泰坦｜敌人/Boss,150x150,"A detailed Void Titan (invasion boss) (归墟泰坦). This is a full-body creature/enemy/boss in side view: dynamic menacing pose, distinct readable silhouette, limbs/claws/fins/tentacles clearly separated, expressive eyes if any, menace and detail in equal measure.  Visual style: dark purple and violet invasion palette, jagged void spikes, tattered energy wisps, aggressive silhouette, violet glow. Rich 2D pixel-art shading with layered highlights, soft emissive glow, and fine edge detail.  Composition: the subject is centered on the 150x150 canvas, occupying roughly 80-90% of it, with a small safe margin so nothing is clipped.  Background: the background must be a solid, flat, pure white (#FFFFFF) with nothing else in it, so the sprite can be cleanly cut out later.  Overall style: detailed, high-quality 2D pixel art in Terraria's visual language — crisp outlines, layered shading, subtle glow and highlights, clean readable silhouette, game-ready sprite."
224,NPCs/VoidTitan_Head_Boss.png,归墟泰坦｜Boss 地图头像｜敌人/Boss,26x26,"A detailed Void Titan (invasion boss) (归墟泰坦). This is a circular boss map icon: a front-facing portrait bust of the creature's head/face, bold and readable at tiny size, framed by an ominous energy aura, face centered, horns/eyes/teeth clearly visible.  Visual style: dark purple and violet invasion palette, jagged void spikes, tattered energy wisps, aggressive silhouette, violet glow. Rich 2D pixel-art shading with layered highlights, soft emissive glow, and fine edge detail.  Composition: the subject is centered on the 26x26 canvas, occupying roughly 80-90% of it, with a small safe margin so nothing is clipped.  Background: the background must be a solid, flat, pure white (#FFFFFF) with nothing else in it, so the sprite can be cleanly cut out later.  Overall style: detailed, high-quality 2D pixel art in Terraria's visual language — crisp outlines, layered shading, subtle glow and highlights, clean readable silhouette, game-ready sprite."
225,NPCs/VoidEye.png,虚空之瞳｜敌人/Boss,60x60,"A detailed void eye (boss companion) (虚空之瞳). This is a full-body creature/enemy/boss in side view: dynamic menacing pose, distinct readable silhouette, limbs/claws/fins/tentacles clearly separated, expressive eyes if any, menace and detail in equal measure.  Visual style: dark black-purple cosmic void palette, glowing violet runes, swirling star dust, soft purple rim light, deep empty-space gradient. Rich 2D pixel-art shading with layered highlights, soft emissive glow, and fine edge detail.  Composition: the subject is centered on the 60x60 canvas, occupying roughly 80-90% of it, with a small safe margin so nothing is clipped.  Background: the background must be a solid, flat, pure white (#FFFFFF) with nothing else in it, so the sprite can be cleanly cut out later.  Overall style: detailed, high-quality 2D pixel art in Terraria's visual language — crisp outlines, layered shading, subtle glow and highlights, clean readable silhouette, game-ready sprite."
226,NPCs/EndShade.png,终焉暗影｜敌人/Boss,40x40,"A detailed end shade phantom (终焉暗影). This is a full-body creature/enemy/boss in side view: dynamic menacing pose, distinct readable silhouette, limbs/claws/fins/tentacles clearly separated, expressive eyes if any, menace and detail in equal measure.  Visual style: deep crimson and dark magenta palette, seething void-end energy, crackling red-violet lightning arcs, swirling dark mist, ominous glowing core, intense red rim light. Rich 2D pixel-art shading with layered highlights, soft emissive glow, and fine edge detail.  Composition: the subject is centered on the 40x40 canvas, occupying roughly 80-90% of it, with a small safe margin so nothing is clipped.  Background: the background must be a solid, flat, pure white (#FFFFFF) with nothing else in it, so the sprite can be cleanly cut out later.  Overall style: detailed, high-quality 2D pixel art in Terraria's visual language — crisp outlines, layered shading, subtle glow and highlights, clean readable silhouette, game-ready sprite."
